
-- ----------------------------
-- Sequence structure for gen_table_column_column_id_seq
-- ----------------------------
DROP SEQUENCE IF EXISTS "public"."gen_table_column_column_id_seq";
CREATE SEQUENCE "public"."gen_table_column_column_id_seq" 
INCREMENT 1
MINVALUE  1
MAXVALUE 99999999
START 100
CACHE 1;

-- ----------------------------
-- Sequence structure for gen_table_table_id_seq
-- ----------------------------
DROP SEQUENCE IF EXISTS "public"."gen_table_table_id_seq";
CREATE SEQUENCE "public"."gen_table_table_id_seq" 
INCREMENT 1
MINVALUE  1
MAXVALUE 99999999
START 100
CACHE 1;

-- ----------------------------
-- Sequence structure for sys_config_config_id_seq
-- ----------------------------
DROP SEQUENCE IF EXISTS "public"."sys_config_config_id_seq";
CREATE SEQUENCE "public"."sys_config_config_id_seq" 
INCREMENT 1
MINVALUE  1
MAXVALUE 99999999
START 100
CACHE 1;

-- ----------------------------
-- Sequence structure for sys_dept_dept_id_seq
-- ----------------------------
DROP SEQUENCE IF EXISTS "public"."sys_dept_dept_id_seq";
CREATE SEQUENCE "public"."sys_dept_dept_id_seq" 
INCREMENT 1
MINVALUE  1
MAXVALUE 99999999
START 100
CACHE 1;

-- ----------------------------
-- Sequence structure for sys_dict_data_dict_code_seq
-- ----------------------------
DROP SEQUENCE IF EXISTS "public"."sys_dict_data_dict_code_seq";
CREATE SEQUENCE "public"."sys_dict_data_dict_code_seq" 
INCREMENT 1
MINVALUE  1
MAXVALUE 99999999
START 100
CACHE 1;

-- ----------------------------
-- Sequence structure for sys_dict_type_dict_id_seq
-- ----------------------------
DROP SEQUENCE IF EXISTS "public"."sys_dict_type_dict_id_seq";
CREATE SEQUENCE "public"."sys_dict_type_dict_id_seq" 
INCREMENT 1
MINVALUE  1
MAXVALUE 99999999
START 100
CACHE 1;

-- ----------------------------
-- Sequence structure for sys_job_job_id_seq
-- ----------------------------
DROP SEQUENCE IF EXISTS "public"."sys_job_job_id_seq";
CREATE SEQUENCE "public"."sys_job_job_id_seq" 
INCREMENT 1
MINVALUE  1
MAXVALUE 99999999
START 100
CACHE 1;

-- ----------------------------
-- Sequence structure for sys_job_log_job_log_id_seq
-- ----------------------------
DROP SEQUENCE IF EXISTS "public"."sys_job_log_job_log_id_seq";
CREATE SEQUENCE "public"."sys_job_log_job_log_id_seq" 
INCREMENT 1
MINVALUE  1
MAXVALUE 99999999
START 100
CACHE 1;

-- ----------------------------
-- Sequence structure for sys_logininfor_info_id_seq
-- ----------------------------
DROP SEQUENCE IF EXISTS "public"."sys_logininfor_info_id_seq";
CREATE SEQUENCE "public"."sys_logininfor_info_id_seq" 
INCREMENT 1
MINVALUE  1
MAXVALUE 99999999
START 100
CACHE 1;

-- ----------------------------
-- Sequence structure for sys_menu_menu_id_seq
-- ----------------------------
DROP SEQUENCE IF EXISTS "public"."sys_menu_menu_id_seq";
CREATE SEQUENCE "public"."sys_menu_menu_id_seq" 
INCREMENT 1
MINVALUE  1
MAXVALUE 99999999
START 200
CACHE 1;

-- ----------------------------
-- Sequence structure for sys_oper_log_oper_id_seq
-- ----------------------------
DROP SEQUENCE IF EXISTS "public"."sys_oper_log_oper_id_seq";
CREATE SEQUENCE "public"."sys_oper_log_oper_id_seq" 
INCREMENT 1
MINVALUE  1
MAXVALUE 99999999
START 100
CACHE 1;

-- ----------------------------
-- Sequence structure for sys_user_user_id_seq
-- ----------------------------
DROP SEQUENCE IF EXISTS "public"."sys_user_user_id_seq";
CREATE SEQUENCE "public"."sys_user_user_id_seq" 
INCREMENT 1
MINVALUE  1
MAXVALUE 99999999
START 200
CACHE 1;

-- ----------------------------
-- Sequence structure for t_user_id_seq
-- ----------------------------
DROP SEQUENCE IF EXISTS "public"."t_user_id_seq";
CREATE SEQUENCE "public"."t_user_id_seq" 
INCREMENT 1
MINVALUE  1
MAXVALUE 9223372036854775807
START 1
CACHE 1;
COMMENT ON SEQUENCE "public"."t_user_id_seq" IS '用户信息表id序列';

-- ----------------------------
-- Table structure for gen_table
-- ----------------------------
DROP TABLE IF EXISTS "public"."gen_table";
CREATE TABLE "public"."gen_table" (
  "table_id" int8 NOT NULL GENERATED BY DEFAULT AS IDENTITY (
INCREMENT 1
MINVALUE  1
MAXVALUE 99999999
START 100
),
  "table_name" varchar(200) COLLATE "pg_catalog"."default",
  "table_comment" varchar(500) COLLATE "pg_catalog"."default",
  "sub_table_name" varchar(64) COLLATE "pg_catalog"."default",
  "sub_table_fk_name" varchar(64) COLLATE "pg_catalog"."default",
  "class_name" varchar(100) COLLATE "pg_catalog"."default",
  "tpl_category" varchar(200) COLLATE "pg_catalog"."default",
  "package_name" varchar(100) COLLATE "pg_catalog"."default",
  "module_name" varchar(30) COLLATE "pg_catalog"."default",
  "business_name" varchar(30) COLLATE "pg_catalog"."default",
  "function_name" varchar(50) COLLATE "pg_catalog"."default",
  "function_author" varchar(50) COLLATE "pg_catalog"."default",
  "gen_type" char(1) COLLATE "pg_catalog"."default",
  "gen_path" varchar(200) COLLATE "pg_catalog"."default",
  "options" varchar(1000) COLLATE "pg_catalog"."default",
  "create_by" varchar(64) COLLATE "pg_catalog"."default",
  "create_time" timestamp(6),
  "update_by" varchar(64) COLLATE "pg_catalog"."default",
  "update_time" timestamp(6),
  "remark" varchar(500) COLLATE "pg_catalog"."default",
  "swagger" int4,
  "excel_export" int4,
  "vue_version" int4
)
;
COMMENT ON COLUMN "public"."gen_table"."table_id" IS '编号';
COMMENT ON COLUMN "public"."gen_table"."table_name" IS '表名称';
COMMENT ON COLUMN "public"."gen_table"."table_comment" IS '表描述';
COMMENT ON COLUMN "public"."gen_table"."sub_table_name" IS '关联子表的表名';
COMMENT ON COLUMN "public"."gen_table"."sub_table_fk_name" IS '子表关联的外键名';
COMMENT ON COLUMN "public"."gen_table"."class_name" IS '实体类名称';
COMMENT ON COLUMN "public"."gen_table"."tpl_category" IS '使用的模板（crud单表操作 tree树表操作）';
COMMENT ON COLUMN "public"."gen_table"."package_name" IS '生成包路径';
COMMENT ON COLUMN "public"."gen_table"."module_name" IS '生成模块名';
COMMENT ON COLUMN "public"."gen_table"."business_name" IS '生成业务名';
COMMENT ON COLUMN "public"."gen_table"."function_name" IS '生成功能名';
COMMENT ON COLUMN "public"."gen_table"."function_author" IS '生成功能作者';
COMMENT ON COLUMN "public"."gen_table"."gen_type" IS '生成代码方式（0zip压缩包 1自定义路径）';
COMMENT ON COLUMN "public"."gen_table"."gen_path" IS '生成路径（不填默认项目路径）';
COMMENT ON COLUMN "public"."gen_table"."options" IS '其它生成选项';
COMMENT ON COLUMN "public"."gen_table"."create_by" IS '创建者';
COMMENT ON COLUMN "public"."gen_table"."create_time" IS '创建时间';
COMMENT ON COLUMN "public"."gen_table"."update_by" IS '更新者';
COMMENT ON COLUMN "public"."gen_table"."update_time" IS '更新时间';
COMMENT ON COLUMN "public"."gen_table"."remark" IS '备注';
COMMENT ON COLUMN "public"."gen_table"."swagger" IS '是否生成swagger注释(0:否，1：是)';
COMMENT ON COLUMN "public"."gen_table"."excel_export" IS '是否生成导出excel注释(0:否，1：是)';
COMMENT ON COLUMN "public"."gen_table"."vue_version" IS 'vue版本(2或者3，默认是2)';
COMMENT ON TABLE "public"."gen_table" IS '代码生成业务表';

-- ----------------------------
-- Table structure for gen_table_column
-- ----------------------------
DROP TABLE IF EXISTS "public"."gen_table_column";
CREATE TABLE "public"."gen_table_column" (
  "column_id" int8 NOT NULL GENERATED BY DEFAULT AS IDENTITY (
INCREMENT 1
MINVALUE  1
MAXVALUE 99999999
START 100
),
  "table_id" varchar(64) COLLATE "pg_catalog"."default",
  "column_name" varchar(200) COLLATE "pg_catalog"."default",
  "column_comment" varchar(500) COLLATE "pg_catalog"."default",
  "column_type" varchar(100) COLLATE "pg_catalog"."default",
  "java_type" varchar(500) COLLATE "pg_catalog"."default",
  "java_field" varchar(200) COLLATE "pg_catalog"."default",
  "is_pk" char(1) COLLATE "pg_catalog"."default",
  "is_increment" char(1) COLLATE "pg_catalog"."default",
  "is_required" char(1) COLLATE "pg_catalog"."default",
  "is_insert" char(1) COLLATE "pg_catalog"."default",
  "is_edit" char(1) COLLATE "pg_catalog"."default",
  "is_list" char(1) COLLATE "pg_catalog"."default",
  "is_query" char(1) COLLATE "pg_catalog"."default",
  "query_type" varchar(200) COLLATE "pg_catalog"."default",
  "html_type" varchar(200) COLLATE "pg_catalog"."default",
  "dict_type" varchar(200) COLLATE "pg_catalog"."default",
  "sort" int4,
  "create_by" varchar(64) COLLATE "pg_catalog"."default",
  "create_time" timestamp(6),
  "update_by" varchar(64) COLLATE "pg_catalog"."default",
  "update_time" timestamp(6)
)
;
COMMENT ON COLUMN "public"."gen_table_column"."column_id" IS '编号';
COMMENT ON COLUMN "public"."gen_table_column"."table_id" IS '归属表编号';
COMMENT ON COLUMN "public"."gen_table_column"."column_name" IS '列名称';
COMMENT ON COLUMN "public"."gen_table_column"."column_comment" IS '列描述';
COMMENT ON COLUMN "public"."gen_table_column"."column_type" IS '列类型';
COMMENT ON COLUMN "public"."gen_table_column"."java_type" IS 'JAVA类型';
COMMENT ON COLUMN "public"."gen_table_column"."java_field" IS 'JAVA字段名';
COMMENT ON COLUMN "public"."gen_table_column"."is_pk" IS '是否主键（1是）';
COMMENT ON COLUMN "public"."gen_table_column"."is_increment" IS '是否自增（1是）';
COMMENT ON COLUMN "public"."gen_table_column"."is_required" IS '是否必填（1是）';
COMMENT ON COLUMN "public"."gen_table_column"."is_insert" IS '是否为插入字段（1是）';
COMMENT ON COLUMN "public"."gen_table_column"."is_edit" IS '是否编辑字段（1是）';
COMMENT ON COLUMN "public"."gen_table_column"."is_list" IS '是否列表字段（1是）';
COMMENT ON COLUMN "public"."gen_table_column"."is_query" IS '是否查询字段（1是）';
COMMENT ON COLUMN "public"."gen_table_column"."query_type" IS '查询方式（等于、不等于、大于、小于、范围）';
COMMENT ON COLUMN "public"."gen_table_column"."html_type" IS '显示类型（文本框、文本域、下拉框、复选框、单选框、日期控件）';
COMMENT ON COLUMN "public"."gen_table_column"."dict_type" IS '字典类型';
COMMENT ON COLUMN "public"."gen_table_column"."sort" IS '排序';
COMMENT ON COLUMN "public"."gen_table_column"."create_by" IS '创建者';
COMMENT ON COLUMN "public"."gen_table_column"."create_time" IS '创建时间';
COMMENT ON COLUMN "public"."gen_table_column"."update_by" IS '更新者';
COMMENT ON COLUMN "public"."gen_table_column"."update_time" IS '更新时间';
COMMENT ON TABLE "public"."gen_table_column" IS '代码生成业务表字段';

-- ----------------------------
-- Table structure for qrtz_blob_triggers
-- ----------------------------
DROP TABLE IF EXISTS "public"."qrtz_blob_triggers";
CREATE TABLE "public"."qrtz_blob_triggers" (
  "sched_name" varchar(120) COLLATE "pg_catalog"."default" NOT NULL,
  "trigger_name" varchar(200) COLLATE "pg_catalog"."default" NOT NULL,
  "trigger_group" varchar(200) COLLATE "pg_catalog"."default" NOT NULL,
  "blob_data" bytea
)
;

-- ----------------------------
-- Table structure for qrtz_calendars
-- ----------------------------
DROP TABLE IF EXISTS "public"."qrtz_calendars";
CREATE TABLE "public"."qrtz_calendars" (
  "sched_name" varchar(120) COLLATE "pg_catalog"."default" NOT NULL,
  "calendar_name" varchar(200) COLLATE "pg_catalog"."default" NOT NULL,
  "calendar" bytea NOT NULL
)
;

-- ----------------------------
-- Table structure for qrtz_cron_triggers
-- ----------------------------
DROP TABLE IF EXISTS "public"."qrtz_cron_triggers";
CREATE TABLE "public"."qrtz_cron_triggers" (
  "sched_name" varchar(120) COLLATE "pg_catalog"."default" NOT NULL,
  "trigger_name" varchar(200) COLLATE "pg_catalog"."default" NOT NULL,
  "trigger_group" varchar(200) COLLATE "pg_catalog"."default" NOT NULL,
  "cron_expression" varchar(200) COLLATE "pg_catalog"."default" NOT NULL,
  "time_zone_id" varchar(80) COLLATE "pg_catalog"."default"
)
;

-- ----------------------------
-- Table structure for qrtz_fired_triggers
-- ----------------------------
DROP TABLE IF EXISTS "public"."qrtz_fired_triggers";
CREATE TABLE "public"."qrtz_fired_triggers" (
  "sched_name" varchar(120) COLLATE "pg_catalog"."default" NOT NULL,
  "entry_id" varchar(95) COLLATE "pg_catalog"."default" NOT NULL,
  "trigger_name" varchar(200) COLLATE "pg_catalog"."default" NOT NULL,
  "trigger_group" varchar(200) COLLATE "pg_catalog"."default" NOT NULL,
  "instance_name" varchar(200) COLLATE "pg_catalog"."default" NOT NULL,
  "fired_time" int8 NOT NULL,
  "sched_time" int8 NOT NULL,
  "priority" int4 NOT NULL,
  "state" varchar(16) COLLATE "pg_catalog"."default" NOT NULL,
  "job_name" varchar(200) COLLATE "pg_catalog"."default",
  "job_group" varchar(200) COLLATE "pg_catalog"."default",
  "is_nonconcurrent" varchar(1) COLLATE "pg_catalog"."default",
  "requests_recovery" varchar(1) COLLATE "pg_catalog"."default"
)
;

-- ----------------------------
-- Table structure for qrtz_job_details
-- ----------------------------
DROP TABLE IF EXISTS "public"."qrtz_job_details";
CREATE TABLE "public"."qrtz_job_details" (
  "sched_name" varchar(120) COLLATE "pg_catalog"."default" NOT NULL,
  "job_name" varchar(200) COLLATE "pg_catalog"."default" NOT NULL,
  "job_group" varchar(200) COLLATE "pg_catalog"."default" NOT NULL,
  "description" varchar(250) COLLATE "pg_catalog"."default",
  "job_class_name" varchar(250) COLLATE "pg_catalog"."default" NOT NULL,
  "is_durable" varchar(10) COLLATE "pg_catalog"."default" NOT NULL,
  "is_nonconcurrent" varchar(10) COLLATE "pg_catalog"."default" NOT NULL,
  "is_update_data" varchar(10) COLLATE "pg_catalog"."default" NOT NULL,
  "requests_recovery" varchar(10) COLLATE "pg_catalog"."default" NOT NULL,
  "job_data" bytea
)
;

-- ----------------------------
-- Table structure for qrtz_locks
-- ----------------------------
DROP TABLE IF EXISTS "public"."qrtz_locks";
CREATE TABLE "public"."qrtz_locks" (
  "sched_name" varchar(120) COLLATE "pg_catalog"."default" NOT NULL,
  "lock_name" varchar(40) COLLATE "pg_catalog"."default" NOT NULL
)
;

-- ----------------------------
-- Table structure for qrtz_paused_trigger_grps
-- ----------------------------
DROP TABLE IF EXISTS "public"."qrtz_paused_trigger_grps";
CREATE TABLE "public"."qrtz_paused_trigger_grps" (
  "sched_name" varchar(120) COLLATE "pg_catalog"."default" NOT NULL,
  "trigger_group" varchar(200) COLLATE "pg_catalog"."default" NOT NULL
)
;

-- ----------------------------
-- Table structure for qrtz_scheduler_state
-- ----------------------------
DROP TABLE IF EXISTS "public"."qrtz_scheduler_state";
CREATE TABLE "public"."qrtz_scheduler_state" (
  "sched_name" varchar(120) COLLATE "pg_catalog"."default" NOT NULL,
  "instance_name" varchar(200) COLLATE "pg_catalog"."default" NOT NULL,
  "last_checkin_time" int8 NOT NULL,
  "checkin_interval" int8 NOT NULL
)
;

-- ----------------------------
-- Table structure for qrtz_simple_triggers
-- ----------------------------
DROP TABLE IF EXISTS "public"."qrtz_simple_triggers";
CREATE TABLE "public"."qrtz_simple_triggers" (
  "sched_name" varchar(120) COLLATE "pg_catalog"."default" NOT NULL,
  "trigger_name" varchar(200) COLLATE "pg_catalog"."default" NOT NULL,
  "trigger_group" varchar(200) COLLATE "pg_catalog"."default" NOT NULL,
  "repeat_count" int8 NOT NULL,
  "repeat_interval" int8 NOT NULL,
  "times_triggered" int8 NOT NULL
)
;

-- ----------------------------
-- Table structure for qrtz_simprop_triggers
-- ----------------------------
DROP TABLE IF EXISTS "public"."qrtz_simprop_triggers";
CREATE TABLE "public"."qrtz_simprop_triggers" (
  "sched_name" varchar(120) COLLATE "pg_catalog"."default" NOT NULL,
  "trigger_name" varchar(200) COLLATE "pg_catalog"."default" NOT NULL,
  "trigger_group" varchar(200) COLLATE "pg_catalog"."default" NOT NULL,
  "str_prop_1" varchar(512) COLLATE "pg_catalog"."default",
  "str_prop_2" varchar(512) COLLATE "pg_catalog"."default",
  "str_prop_3" varchar(512) COLLATE "pg_catalog"."default",
  "int_prop_1" int4,
  "int_prop_2" int4,
  "long_prop_1" int8,
  "long_prop_2" int8,
  "dec_prop_1" numeric(13,4),
  "dec_prop_2" numeric(13,4),
  "bool_prop_1" varchar(1) COLLATE "pg_catalog"."default",
  "bool_prop_2" varchar(1) COLLATE "pg_catalog"."default"
)
;

-- ----------------------------
-- Table structure for qrtz_triggers
-- ----------------------------
DROP TABLE IF EXISTS "public"."qrtz_triggers";
CREATE TABLE "public"."qrtz_triggers" (
  "sched_name" varchar(120) COLLATE "pg_catalog"."default" NOT NULL,
  "trigger_name" varchar(200) COLLATE "pg_catalog"."default" NOT NULL,
  "trigger_group" varchar(200) COLLATE "pg_catalog"."default" NOT NULL,
  "job_name" varchar(200) COLLATE "pg_catalog"."default" NOT NULL,
  "job_group" varchar(200) COLLATE "pg_catalog"."default" NOT NULL,
  "description" varchar(250) COLLATE "pg_catalog"."default",
  "next_fire_time" int8,
  "prev_fire_time" int8,
  "priority" int4,
  "trigger_state" varchar(16) COLLATE "pg_catalog"."default" NOT NULL,
  "trigger_type" varchar(8) COLLATE "pg_catalog"."default" NOT NULL,
  "start_time" int8 NOT NULL,
  "end_time" int8,
  "calendar_name" varchar(200) COLLATE "pg_catalog"."default",
  "misfire_instr" int2,
  "job_data" bytea
)
;

-- ----------------------------
-- Table structure for sys_config
-- ----------------------------
DROP TABLE IF EXISTS "public"."sys_config";
CREATE TABLE "public"."sys_config" (
  "config_id" int8 NOT NULL GENERATED BY DEFAULT AS IDENTITY (
INCREMENT 1
MINVALUE  1
MAXVALUE 99999999
START 100
),
  "config_name" varchar(100) COLLATE "pg_catalog"."default",
  "config_key" varchar(100) COLLATE "pg_catalog"."default",
  "config_value" varchar(500) COLLATE "pg_catalog"."default",
  "config_type" char(1) COLLATE "pg_catalog"."default",
  "create_by" varchar(64) COLLATE "pg_catalog"."default",
  "create_time" timestamp(6),
  "update_by" varchar(64) COLLATE "pg_catalog"."default",
  "update_time" timestamp(6),
  "remark" varchar(500) COLLATE "pg_catalog"."default"
)
;
COMMENT ON COLUMN "public"."sys_config"."config_id" IS '参数主键';
COMMENT ON COLUMN "public"."sys_config"."config_name" IS '参数名称';
COMMENT ON COLUMN "public"."sys_config"."config_key" IS '参数键名';
COMMENT ON COLUMN "public"."sys_config"."config_value" IS '参数键值';
COMMENT ON COLUMN "public"."sys_config"."config_type" IS '系统内置（Y是 N否）';
COMMENT ON COLUMN "public"."sys_config"."create_by" IS '创建者';
COMMENT ON COLUMN "public"."sys_config"."create_time" IS '创建时间';
COMMENT ON COLUMN "public"."sys_config"."update_by" IS '更新者';
COMMENT ON COLUMN "public"."sys_config"."update_time" IS '更新时间';
COMMENT ON COLUMN "public"."sys_config"."remark" IS '备注';
COMMENT ON TABLE "public"."sys_config" IS '参数配置表';

-- ----------------------------
-- Table structure for sys_dept
-- ----------------------------
DROP TABLE IF EXISTS "public"."sys_dept";
CREATE TABLE "public"."sys_dept" (
  "dept_id" int8 NOT NULL GENERATED BY DEFAULT AS IDENTITY (
INCREMENT 1
MINVALUE  1
MAXVALUE 99999999
START 100
),
  "parent_id" int8,
  "ancestors" varchar(50) COLLATE "pg_catalog"."default",
  "dept_name" varchar(30) COLLATE "pg_catalog"."default",
  "order_num" int4,
  "leader" varchar(20) COLLATE "pg_catalog"."default",
  "phone" varchar(11) COLLATE "pg_catalog"."default",
  "email" varchar(50) COLLATE "pg_catalog"."default",
  "status" char(1) COLLATE "pg_catalog"."default",
  "del_flag" char(1) COLLATE "pg_catalog"."default",
  "create_by" varchar(64) COLLATE "pg_catalog"."default",
  "create_time" timestamp(6),
  "update_by" varchar(64) COLLATE "pg_catalog"."default",
  "update_time" timestamp(6)
)
;
COMMENT ON COLUMN "public"."sys_dept"."dept_id" IS '部门ID';
COMMENT ON COLUMN "public"."sys_dept"."parent_id" IS '父部门ID';
COMMENT ON COLUMN "public"."sys_dept"."ancestors" IS '祖级列表';
COMMENT ON COLUMN "public"."sys_dept"."dept_name" IS '部门名称';
COMMENT ON COLUMN "public"."sys_dept"."order_num" IS '显示顺序';
COMMENT ON COLUMN "public"."sys_dept"."leader" IS '负责人';
COMMENT ON COLUMN "public"."sys_dept"."phone" IS '联系电话';
COMMENT ON COLUMN "public"."sys_dept"."email" IS '邮箱';
COMMENT ON COLUMN "public"."sys_dept"."status" IS '部门状态（0正常 1停用）';
COMMENT ON COLUMN "public"."sys_dept"."del_flag" IS '删除标志（0代表存在 2代表删除）';
COMMENT ON COLUMN "public"."sys_dept"."create_by" IS '创建者';
COMMENT ON COLUMN "public"."sys_dept"."create_time" IS '创建时间';
COMMENT ON COLUMN "public"."sys_dept"."update_by" IS '更新者';
COMMENT ON COLUMN "public"."sys_dept"."update_time" IS '更新时间';
COMMENT ON TABLE "public"."sys_dept" IS '部门表';

-- ----------------------------
-- Table structure for sys_dict_data
-- ----------------------------
DROP TABLE IF EXISTS "public"."sys_dict_data";
CREATE TABLE "public"."sys_dict_data" (
  "dict_code" int8 NOT NULL GENERATED BY DEFAULT AS IDENTITY (
INCREMENT 1
MINVALUE  1
MAXVALUE 99999999
START 100
),
  "dict_sort" int4,
  "dict_label" varchar(100) COLLATE "pg_catalog"."default",
  "dict_value" varchar(100) COLLATE "pg_catalog"."default",
  "dict_type" varchar(100) COLLATE "pg_catalog"."default",
  "css_class" varchar(100) COLLATE "pg_catalog"."default",
  "list_class" varchar(100) COLLATE "pg_catalog"."default",
  "is_default" char(1) COLLATE "pg_catalog"."default",
  "status" char(1) COLLATE "pg_catalog"."default",
  "create_by" varchar(64) COLLATE "pg_catalog"."default",
  "create_time" timestamp(6),
  "update_by" varchar(64) COLLATE "pg_catalog"."default",
  "update_time" timestamp(6),
  "remark" varchar(500) COLLATE "pg_catalog"."default"
)
;
COMMENT ON COLUMN "public"."sys_dict_data"."dict_code" IS '字典编码';
COMMENT ON COLUMN "public"."sys_dict_data"."dict_sort" IS '字典排序';
COMMENT ON COLUMN "public"."sys_dict_data"."dict_label" IS '字典标签';
COMMENT ON COLUMN "public"."sys_dict_data"."dict_value" IS '字典键值';
COMMENT ON COLUMN "public"."sys_dict_data"."dict_type" IS '字典类型';
COMMENT ON COLUMN "public"."sys_dict_data"."css_class" IS '样式属性（其他样式扩展）';
COMMENT ON COLUMN "public"."sys_dict_data"."list_class" IS '表格回显样式';
COMMENT ON COLUMN "public"."sys_dict_data"."is_default" IS '是否默认（Y是 N否）';
COMMENT ON COLUMN "public"."sys_dict_data"."status" IS '状态（0正常 1停用）';
COMMENT ON COLUMN "public"."sys_dict_data"."create_by" IS '创建者';
COMMENT ON COLUMN "public"."sys_dict_data"."create_time" IS '创建时间';
COMMENT ON COLUMN "public"."sys_dict_data"."update_by" IS '更新者';
COMMENT ON COLUMN "public"."sys_dict_data"."update_time" IS '更新时间';
COMMENT ON COLUMN "public"."sys_dict_data"."remark" IS '备注';
COMMENT ON TABLE "public"."sys_dict_data" IS '字典数据表';

-- ----------------------------
-- Table structure for sys_dict_type
-- ----------------------------
DROP TABLE IF EXISTS "public"."sys_dict_type";
CREATE TABLE "public"."sys_dict_type" (
  "dict_id" int8 NOT NULL GENERATED BY DEFAULT AS IDENTITY (
INCREMENT 1
MINVALUE  1
MAXVALUE 99999999
START 100
),
  "dict_name" varchar(100) COLLATE "pg_catalog"."default",
  "dict_type" varchar(100) COLLATE "pg_catalog"."default",
  "status" char(1) COLLATE "pg_catalog"."default",
  "create_by" varchar(64) COLLATE "pg_catalog"."default",
  "create_time" timestamp(6),
  "update_by" varchar(64) COLLATE "pg_catalog"."default",
  "update_time" timestamp(6),
  "remark" varchar(500) COLLATE "pg_catalog"."default"
)
;
COMMENT ON COLUMN "public"."sys_dict_type"."dict_id" IS '字典主键';
COMMENT ON COLUMN "public"."sys_dict_type"."dict_name" IS '字典名称';
COMMENT ON COLUMN "public"."sys_dict_type"."dict_type" IS '字典类型';
COMMENT ON COLUMN "public"."sys_dict_type"."status" IS '状态（0正常 1停用）';
COMMENT ON COLUMN "public"."sys_dict_type"."create_by" IS '创建者';
COMMENT ON COLUMN "public"."sys_dict_type"."create_time" IS '创建时间';
COMMENT ON COLUMN "public"."sys_dict_type"."update_by" IS '更新者';
COMMENT ON COLUMN "public"."sys_dict_type"."update_time" IS '更新时间';
COMMENT ON COLUMN "public"."sys_dict_type"."remark" IS '备注';
COMMENT ON TABLE "public"."sys_dict_type" IS '字典类型表';

-- ----------------------------
-- Table structure for sys_job
-- ----------------------------
DROP TABLE IF EXISTS "public"."sys_job";
CREATE TABLE "public"."sys_job" (
  "job_id" int8 NOT NULL GENERATED BY DEFAULT AS IDENTITY (
INCREMENT 1
MINVALUE  1
MAXVALUE 99999999
START 100
),
  "job_name" varchar(64) COLLATE "pg_catalog"."default" NOT NULL,
  "job_group" varchar(64) COLLATE "pg_catalog"."default" NOT NULL,
  "invoke_target" varchar(500) COLLATE "pg_catalog"."default" NOT NULL,
  "cron_expression" varchar(255) COLLATE "pg_catalog"."default",
  "misfire_policy" varchar(20) COLLATE "pg_catalog"."default",
  "concurrent" char(1) COLLATE "pg_catalog"."default",
  "status" char(1) COLLATE "pg_catalog"."default",
  "create_by" varchar(64) COLLATE "pg_catalog"."default",
  "create_time" timestamp(6),
  "update_by" varchar(64) COLLATE "pg_catalog"."default",
  "update_time" timestamp(6),
  "remark" varchar(500) COLLATE "pg_catalog"."default"
)
;
COMMENT ON COLUMN "public"."sys_job"."job_id" IS '任务ID';
COMMENT ON COLUMN "public"."sys_job"."job_name" IS '任务名称';
COMMENT ON COLUMN "public"."sys_job"."job_group" IS '任务组名';
COMMENT ON COLUMN "public"."sys_job"."invoke_target" IS '调用目标字符串';
COMMENT ON COLUMN "public"."sys_job"."cron_expression" IS 'cron执行表达式';
COMMENT ON COLUMN "public"."sys_job"."misfire_policy" IS '计划执行错误策略（1立即执行 2执行一次 3放弃执行）';
COMMENT ON COLUMN "public"."sys_job"."concurrent" IS '是否并发执行（0允许 1禁止）';
COMMENT ON COLUMN "public"."sys_job"."status" IS '状态（0正常 1暂停）';
COMMENT ON COLUMN "public"."sys_job"."create_by" IS '创建者';
COMMENT ON COLUMN "public"."sys_job"."create_time" IS '创建时间';
COMMENT ON COLUMN "public"."sys_job"."update_by" IS '更新者';
COMMENT ON COLUMN "public"."sys_job"."update_time" IS '更新时间';
COMMENT ON COLUMN "public"."sys_job"."remark" IS '备注信息';
COMMENT ON TABLE "public"."sys_job" IS '定时任务调度表';

-- ----------------------------
-- Table structure for sys_job_log
-- ----------------------------
DROP TABLE IF EXISTS "public"."sys_job_log";
CREATE TABLE "public"."sys_job_log" (
  "job_log_id" int8 NOT NULL GENERATED BY DEFAULT AS IDENTITY (
INCREMENT 1
MINVALUE  1
MAXVALUE 99999999
START 100
),
  "job_name" varchar(64) COLLATE "pg_catalog"."default" NOT NULL,
  "job_group" varchar(64) COLLATE "pg_catalog"."default" NOT NULL,
  "invoke_target" varchar(500) COLLATE "pg_catalog"."default" NOT NULL,
  "job_message" varchar(500) COLLATE "pg_catalog"."default",
  "status" char(1) COLLATE "pg_catalog"."default",
  "exception_info" varchar(2000) COLLATE "pg_catalog"."default",
  "create_time" timestamp(6)
)
;
COMMENT ON COLUMN "public"."sys_job_log"."job_log_id" IS '任务日志ID';
COMMENT ON COLUMN "public"."sys_job_log"."job_name" IS '任务名称';
COMMENT ON COLUMN "public"."sys_job_log"."job_group" IS '任务组名';
COMMENT ON COLUMN "public"."sys_job_log"."invoke_target" IS '调用目标字符串';
COMMENT ON COLUMN "public"."sys_job_log"."job_message" IS '日志信息';
COMMENT ON COLUMN "public"."sys_job_log"."status" IS '执行状态（0正常 1失败）';
COMMENT ON COLUMN "public"."sys_job_log"."exception_info" IS '异常信息';
COMMENT ON COLUMN "public"."sys_job_log"."create_time" IS '创建时间';
COMMENT ON TABLE "public"."sys_job_log" IS '定时任务调度日志表';

-- ----------------------------
-- Table structure for sys_logininfor
-- ----------------------------
DROP TABLE IF EXISTS "public"."sys_logininfor";
CREATE TABLE "public"."sys_logininfor" (
  "info_id" int8 NOT NULL GENERATED BY DEFAULT AS IDENTITY (
INCREMENT 1
MINVALUE  1
MAXVALUE 99999999
START 100
),
  "user_name" varchar(50) COLLATE "pg_catalog"."default",
  "ipaddr" varchar(128) COLLATE "pg_catalog"."default",
  "login_location" varchar(255) COLLATE "pg_catalog"."default",
  "browser" varchar(50) COLLATE "pg_catalog"."default",
  "os" varchar(50) COLLATE "pg_catalog"."default",
  "status" char(1) COLLATE "pg_catalog"."default",
  "msg" varchar(255) COLLATE "pg_catalog"."default",
  "login_time" timestamp(6),
  "token" varchar(40) COLLATE "pg_catalog"."default"
)
;
COMMENT ON COLUMN "public"."sys_logininfor"."info_id" IS '访问ID';
COMMENT ON COLUMN "public"."sys_logininfor"."user_name" IS '用户账号';
COMMENT ON COLUMN "public"."sys_logininfor"."ipaddr" IS '登录IP地址';
COMMENT ON COLUMN "public"."sys_logininfor"."login_location" IS '登录地点';
COMMENT ON COLUMN "public"."sys_logininfor"."browser" IS '浏览器类型';
COMMENT ON COLUMN "public"."sys_logininfor"."os" IS '操作系统';
COMMENT ON COLUMN "public"."sys_logininfor"."status" IS '登录状态（0成功 1失败）';
COMMENT ON COLUMN "public"."sys_logininfor"."msg" IS '提示消息';
COMMENT ON COLUMN "public"."sys_logininfor"."login_time" IS '访问时间';
COMMENT ON COLUMN "public"."sys_logininfor"."token" IS '登录token';
COMMENT ON TABLE "public"."sys_logininfor" IS '系统访问记录';

-- ----------------------------
-- Table structure for sys_menu
-- ----------------------------
DROP TABLE IF EXISTS "public"."sys_menu";
CREATE TABLE "public"."sys_menu" (
  "menu_id" int8 NOT NULL GENERATED BY DEFAULT AS IDENTITY (
INCREMENT 1
MINVALUE  1
MAXVALUE 99999999
START 200
),
  "menu_name" varchar(50) COLLATE "pg_catalog"."default" NOT NULL,
  "parent_id" int8,
  "order_num" int4,
  "path" varchar(200) COLLATE "pg_catalog"."default",
  "component" varchar(255) COLLATE "pg_catalog"."default",
  "is_frame" varchar(32) COLLATE "pg_catalog"."default",
  "is_cache" varchar(32) COLLATE "pg_catalog"."default",
  "menu_type" char(1) COLLATE "pg_catalog"."default",
  "visible" char(1) COLLATE "pg_catalog"."default",
  "status" char(1) COLLATE "pg_catalog"."default",
  "perms" varchar(100) COLLATE "pg_catalog"."default",
  "icon" varchar(100) COLLATE "pg_catalog"."default",
  "create_by" varchar(64) COLLATE "pg_catalog"."default",
  "create_time" timestamp(6),
  "update_by" varchar(64) COLLATE "pg_catalog"."default",
  "update_time" timestamp(6),
  "remark" varchar(500) COLLATE "pg_catalog"."default"
)
;
COMMENT ON COLUMN "public"."sys_menu"."menu_id" IS '菜单ID';
COMMENT ON COLUMN "public"."sys_menu"."menu_name" IS '菜单名称';
COMMENT ON COLUMN "public"."sys_menu"."parent_id" IS '父菜单ID';
COMMENT ON COLUMN "public"."sys_menu"."order_num" IS '显示顺序';
COMMENT ON COLUMN "public"."sys_menu"."path" IS '路由地址';
COMMENT ON COLUMN "public"."sys_menu"."component" IS '组件路径';
COMMENT ON COLUMN "public"."sys_menu"."is_frame" IS '是否为外链（0是 1否）';
COMMENT ON COLUMN "public"."sys_menu"."is_cache" IS '是否缓存（0缓存 1不缓存）';
COMMENT ON COLUMN "public"."sys_menu"."menu_type" IS '菜单类型（M目录 C菜单 F按钮）';
COMMENT ON COLUMN "public"."sys_menu"."visible" IS '菜单状态（0显示 1隐藏）';
COMMENT ON COLUMN "public"."sys_menu"."status" IS '菜单状态（0正常 1停用）';
COMMENT ON COLUMN "public"."sys_menu"."perms" IS '权限标识';
COMMENT ON COLUMN "public"."sys_menu"."icon" IS '菜单图标';
COMMENT ON COLUMN "public"."sys_menu"."create_by" IS '创建者';
COMMENT ON COLUMN "public"."sys_menu"."create_time" IS '创建时间';
COMMENT ON COLUMN "public"."sys_menu"."update_by" IS '更新者';
COMMENT ON COLUMN "public"."sys_menu"."update_time" IS '更新时间';
COMMENT ON COLUMN "public"."sys_menu"."remark" IS '备注';
COMMENT ON TABLE "public"."sys_menu" IS '菜单权限表';

-- ----------------------------
-- Table structure for sys_notice
-- ----------------------------
DROP TABLE IF EXISTS "public"."sys_notice";
CREATE TABLE "public"."sys_notice" (
  "notice_id" int4 NOT NULL,
  "notice_title" varchar(50) COLLATE "pg_catalog"."default" NOT NULL,
  "notice_type" char(1) COLLATE "pg_catalog"."default" NOT NULL,
  "notice_content" bytea,
  "status" char(1) COLLATE "pg_catalog"."default",
  "create_by" varchar(64) COLLATE "pg_catalog"."default",
  "create_time" timestamp(6),
  "update_by" varchar(64) COLLATE "pg_catalog"."default",
  "update_time" timestamp(6),
  "remark" varchar(255) COLLATE "pg_catalog"."default"
)
;
COMMENT ON COLUMN "public"."sys_notice"."notice_id" IS '公告ID';
COMMENT ON COLUMN "public"."sys_notice"."notice_title" IS '公告标题';
COMMENT ON COLUMN "public"."sys_notice"."notice_type" IS '公告类型（1通知 2公告）';
COMMENT ON COLUMN "public"."sys_notice"."notice_content" IS '公告内容';
COMMENT ON COLUMN "public"."sys_notice"."status" IS '公告状态（0正常 1关闭）';
COMMENT ON COLUMN "public"."sys_notice"."create_by" IS '创建者';
COMMENT ON COLUMN "public"."sys_notice"."create_time" IS '创建时间';
COMMENT ON COLUMN "public"."sys_notice"."update_by" IS '更新者';
COMMENT ON COLUMN "public"."sys_notice"."update_time" IS '更新时间';
COMMENT ON COLUMN "public"."sys_notice"."remark" IS '备注';
COMMENT ON TABLE "public"."sys_notice" IS '通知公告表';

-- ----------------------------
-- Table structure for sys_oper_log
-- ----------------------------
DROP TABLE IF EXISTS "public"."sys_oper_log";
CREATE TABLE "public"."sys_oper_log" (
  "oper_id" int8 NOT NULL GENERATED BY DEFAULT AS IDENTITY (
INCREMENT 1
MINVALUE  1
MAXVALUE 99999999
START 100
),
  "title" varchar(50) COLLATE "pg_catalog"."default",
  "business_type" int4,
  "method" varchar(100) COLLATE "pg_catalog"."default",
  "request_method" varchar(10) COLLATE "pg_catalog"."default",
  "operator_type" int4,
  "oper_name" varchar(50) COLLATE "pg_catalog"."default",
  "dept_name" varchar(50) COLLATE "pg_catalog"."default",
  "oper_url" varchar(255) COLLATE "pg_catalog"."default",
  "oper_ip" varchar(128) COLLATE "pg_catalog"."default",
  "oper_location" varchar(255) COLLATE "pg_catalog"."default",
  "oper_param" text COLLATE "pg_catalog"."default",
  "json_result" text COLLATE "pg_catalog"."default",
  "status" int4,
  "error_msg" text COLLATE "pg_catalog"."default",
  "oper_time" timestamp(6)
)
;
COMMENT ON COLUMN "public"."sys_oper_log"."oper_id" IS '日志主键';
COMMENT ON COLUMN "public"."sys_oper_log"."title" IS '模块标题';
COMMENT ON COLUMN "public"."sys_oper_log"."business_type" IS '业务类型（0其它 1新增 2修改 3删除）';
COMMENT ON COLUMN "public"."sys_oper_log"."method" IS '方法名称';
COMMENT ON COLUMN "public"."sys_oper_log"."request_method" IS '请求方式';
COMMENT ON COLUMN "public"."sys_oper_log"."operator_type" IS '操作类别（0其它 1后台用户 2手机端用户）';
COMMENT ON COLUMN "public"."sys_oper_log"."oper_name" IS '操作人员';
COMMENT ON COLUMN "public"."sys_oper_log"."dept_name" IS '部门名称';
COMMENT ON COLUMN "public"."sys_oper_log"."oper_url" IS '请求URL';
COMMENT ON COLUMN "public"."sys_oper_log"."oper_ip" IS '主机地址';
COMMENT ON COLUMN "public"."sys_oper_log"."oper_location" IS '操作地点';
COMMENT ON COLUMN "public"."sys_oper_log"."oper_param" IS '请求参数';
COMMENT ON COLUMN "public"."sys_oper_log"."json_result" IS '返回参数';
COMMENT ON COLUMN "public"."sys_oper_log"."status" IS '操作状态（0正常 1异常）';
COMMENT ON COLUMN "public"."sys_oper_log"."error_msg" IS '错误消息';
COMMENT ON COLUMN "public"."sys_oper_log"."oper_time" IS '操作时间';
COMMENT ON TABLE "public"."sys_oper_log" IS '操作日志记录';

-- ----------------------------
-- Table structure for sys_post
-- ----------------------------
DROP TABLE IF EXISTS "public"."sys_post";
CREATE TABLE "public"."sys_post" (
  "post_id" int8 NOT NULL,
  "post_code" varchar(64) COLLATE "pg_catalog"."default" NOT NULL,
  "post_name" varchar(50) COLLATE "pg_catalog"."default" NOT NULL,
  "post_sort" int4 NOT NULL,
  "status" char(1) COLLATE "pg_catalog"."default" NOT NULL,
  "create_by" varchar(64) COLLATE "pg_catalog"."default",
  "create_time" timestamp(6),
  "update_by" varchar(64) COLLATE "pg_catalog"."default",
  "update_time" timestamp(6),
  "remark" varchar(500) COLLATE "pg_catalog"."default"
)
;
COMMENT ON COLUMN "public"."sys_post"."post_id" IS '岗位ID';
COMMENT ON COLUMN "public"."sys_post"."post_code" IS '岗位编码';
COMMENT ON COLUMN "public"."sys_post"."post_name" IS '岗位名称';
COMMENT ON COLUMN "public"."sys_post"."post_sort" IS '显示顺序';
COMMENT ON COLUMN "public"."sys_post"."status" IS '状态（0正常 1停用）';
COMMENT ON COLUMN "public"."sys_post"."create_by" IS '创建者';
COMMENT ON COLUMN "public"."sys_post"."create_time" IS '创建时间';
COMMENT ON COLUMN "public"."sys_post"."update_by" IS '更新者';
COMMENT ON COLUMN "public"."sys_post"."update_time" IS '更新时间';
COMMENT ON COLUMN "public"."sys_post"."remark" IS '备注';
COMMENT ON TABLE "public"."sys_post" IS '岗位信息表';

-- ----------------------------
-- Table structure for sys_role
-- ----------------------------
DROP TABLE IF EXISTS "public"."sys_role";
CREATE TABLE "public"."sys_role" (
  "role_id" int8 NOT NULL,
  "role_name" varchar(30) COLLATE "pg_catalog"."default" NOT NULL,
  "role_key" varchar(100) COLLATE "pg_catalog"."default" NOT NULL,
  "role_sort" int4 NOT NULL,
  "data_scope" char(1) COLLATE "pg_catalog"."default",
  "menu_check_strictly" int2,
  "dept_check_strictly" int2,
  "status" char(1) COLLATE "pg_catalog"."default" NOT NULL,
  "del_flag" char(1) COLLATE "pg_catalog"."default",
  "create_by" varchar(64) COLLATE "pg_catalog"."default",
  "create_time" timestamp(6),
  "update_by" varchar(64) COLLATE "pg_catalog"."default",
  "update_time" timestamp(6),
  "remark" varchar(500) COLLATE "pg_catalog"."default"
)
;
COMMENT ON COLUMN "public"."sys_role"."role_id" IS '角色ID';
COMMENT ON COLUMN "public"."sys_role"."role_name" IS '角色名称';
COMMENT ON COLUMN "public"."sys_role"."role_key" IS '角色权限字符串';
COMMENT ON COLUMN "public"."sys_role"."role_sort" IS '显示顺序';
COMMENT ON COLUMN "public"."sys_role"."data_scope" IS '数据范围（1：全部数据权限 2：自定数据权限 3：本部门数据权限 4：本部门及以下数据权限）';
COMMENT ON COLUMN "public"."sys_role"."menu_check_strictly" IS '菜单树选择项是否关联显示';
COMMENT ON COLUMN "public"."sys_role"."dept_check_strictly" IS '部门树选择项是否关联显示';
COMMENT ON COLUMN "public"."sys_role"."status" IS '角色状态（0正常 1停用）';
COMMENT ON COLUMN "public"."sys_role"."del_flag" IS '删除标志（0代表存在 2代表删除）';
COMMENT ON COLUMN "public"."sys_role"."create_by" IS '创建者';
COMMENT ON COLUMN "public"."sys_role"."create_time" IS '创建时间';
COMMENT ON COLUMN "public"."sys_role"."update_by" IS '更新者';
COMMENT ON COLUMN "public"."sys_role"."update_time" IS '更新时间';
COMMENT ON COLUMN "public"."sys_role"."remark" IS '备注';
COMMENT ON TABLE "public"."sys_role" IS '角色信息表';

-- ----------------------------
-- Table structure for sys_role_dept
-- ----------------------------
DROP TABLE IF EXISTS "public"."sys_role_dept";
CREATE TABLE "public"."sys_role_dept" (
  "role_id" int8 NOT NULL,
  "dept_id" int8 NOT NULL,
  "create_time" timestamp(6),
  "update_time" timestamp(6)
)
;
COMMENT ON COLUMN "public"."sys_role_dept"."role_id" IS '角色ID';
COMMENT ON COLUMN "public"."sys_role_dept"."dept_id" IS '部门ID';
COMMENT ON COLUMN "public"."sys_role_dept"."create_time" IS '创建时间';
COMMENT ON COLUMN "public"."sys_role_dept"."update_time" IS '修改时间';
COMMENT ON TABLE "public"."sys_role_dept" IS '角色和部门关联表';

-- ----------------------------
-- Table structure for sys_role_menu
-- ----------------------------
DROP TABLE IF EXISTS "public"."sys_role_menu";
CREATE TABLE "public"."sys_role_menu" (
  "role_id" int8 NOT NULL,
  "menu_id" int8 NOT NULL,
  "create_time" timestamp(6),
  "update_time" timestamp(6)
)
;
COMMENT ON COLUMN "public"."sys_role_menu"."role_id" IS '角色ID';
COMMENT ON COLUMN "public"."sys_role_menu"."menu_id" IS '菜单ID';
COMMENT ON COLUMN "public"."sys_role_menu"."create_time" IS '创建时间';
COMMENT ON COLUMN "public"."sys_role_menu"."update_time" IS '修改时间';
COMMENT ON TABLE "public"."sys_role_menu" IS '角色和菜单关联表';

-- ----------------------------
-- Table structure for sys_user
-- ----------------------------
DROP TABLE IF EXISTS "public"."sys_user";
CREATE TABLE "public"."sys_user" (
  "user_id" int8 NOT NULL GENERATED BY DEFAULT AS IDENTITY (
INCREMENT 1
MINVALUE  1
MAXVALUE 99999999
START 200
),
  "dept_id" int8,
  "user_name" varchar(30) COLLATE "pg_catalog"."default" NOT NULL,
  "nick_name" varchar(30) COLLATE "pg_catalog"."default" NOT NULL,
  "user_type" varchar(2) COLLATE "pg_catalog"."default",
  "email" varchar(50) COLLATE "pg_catalog"."default",
  "phonenumber" varchar(11) COLLATE "pg_catalog"."default",
  "sex" char(1) COLLATE "pg_catalog"."default",
  "avatar" varchar(100) COLLATE "pg_catalog"."default",
  "password" varchar(100) COLLATE "pg_catalog"."default",
  "status" char(1) COLLATE "pg_catalog"."default",
  "del_flag" char(1) COLLATE "pg_catalog"."default",
  "login_ip" varchar(128) COLLATE "pg_catalog"."default",
  "login_date" timestamp(6),
  "create_by" varchar(64) COLLATE "pg_catalog"."default",
  "create_time" timestamp(6),
  "update_by" varchar(64) COLLATE "pg_catalog"."default",
  "update_time" timestamp(6),
  "remark" varchar(500) COLLATE "pg_catalog"."default"
)
;
COMMENT ON COLUMN "public"."sys_user"."user_id" IS '用户ID';
COMMENT ON COLUMN "public"."sys_user"."dept_id" IS '部门ID';
COMMENT ON COLUMN "public"."sys_user"."user_name" IS '用户账号';
COMMENT ON COLUMN "public"."sys_user"."nick_name" IS '用户昵称';
COMMENT ON COLUMN "public"."sys_user"."user_type" IS '用户类型（00系统用户）';
COMMENT ON COLUMN "public"."sys_user"."email" IS '用户邮箱';
COMMENT ON COLUMN "public"."sys_user"."phonenumber" IS '手机号码';
COMMENT ON COLUMN "public"."sys_user"."sex" IS '用户性别（0男 1女 2未知）';
COMMENT ON COLUMN "public"."sys_user"."avatar" IS '头像地址';
COMMENT ON COLUMN "public"."sys_user"."password" IS '密码';
COMMENT ON COLUMN "public"."sys_user"."status" IS '帐号状态（0正常 1停用）';
COMMENT ON COLUMN "public"."sys_user"."del_flag" IS '删除标志（0代表存在 2代表删除）';
COMMENT ON COLUMN "public"."sys_user"."login_ip" IS '最后登录IP';
COMMENT ON COLUMN "public"."sys_user"."login_date" IS '最后登录时间';
COMMENT ON COLUMN "public"."sys_user"."create_by" IS '创建者';
COMMENT ON COLUMN "public"."sys_user"."create_time" IS '创建时间';
COMMENT ON COLUMN "public"."sys_user"."update_by" IS '更新者';
COMMENT ON COLUMN "public"."sys_user"."update_time" IS '更新时间';
COMMENT ON COLUMN "public"."sys_user"."remark" IS '备注';
COMMENT ON TABLE "public"."sys_user" IS '用户信息表';

-- ----------------------------
-- Table structure for sys_user_post
-- ----------------------------
DROP TABLE IF EXISTS "public"."sys_user_post";
CREATE TABLE "public"."sys_user_post" (
  "user_id" int8 NOT NULL,
  "post_id" int8 NOT NULL,
  "create_time" timestamp(6),
  "update_time" timestamp(6)
)
;
COMMENT ON COLUMN "public"."sys_user_post"."user_id" IS '用户ID';
COMMENT ON COLUMN "public"."sys_user_post"."post_id" IS '岗位ID';
COMMENT ON COLUMN "public"."sys_user_post"."create_time" IS '创建时间';
COMMENT ON COLUMN "public"."sys_user_post"."update_time" IS '修改时间';
COMMENT ON TABLE "public"."sys_user_post" IS '用户与岗位关联表';

-- ----------------------------
-- Table structure for sys_user_role
-- ----------------------------
DROP TABLE IF EXISTS "public"."sys_user_role";
CREATE TABLE "public"."sys_user_role" (
  "user_id" int8 NOT NULL,
  "role_id" int8 NOT NULL,
  "create_time" timestamp(6),
  "update_time" timestamp(6)
)
;
COMMENT ON COLUMN "public"."sys_user_role"."user_id" IS '用户ID';
COMMENT ON COLUMN "public"."sys_user_role"."role_id" IS '角色ID';
COMMENT ON COLUMN "public"."sys_user_role"."create_time" IS '创建时间';
COMMENT ON COLUMN "public"."sys_user_role"."update_time" IS '修改时间';
COMMENT ON TABLE "public"."sys_user_role" IS '用户和角色关联表';


-- ----------------------------
-- Alter sequences owned by
-- ----------------------------
ALTER SEQUENCE "public"."gen_table_column_column_id_seq"
OWNED BY "public"."gen_table_column"."column_id";
SELECT setval('"public"."gen_table_column_column_id_seq"', 101, false);

-- ----------------------------
-- Alter sequences owned by
-- ----------------------------
ALTER SEQUENCE "public"."gen_table_table_id_seq"
OWNED BY "public"."gen_table"."table_id";
SELECT setval('"public"."gen_table_table_id_seq"', 101, false);

-- ----------------------------
-- Alter sequences owned by
-- ----------------------------
ALTER SEQUENCE "public"."sys_config_config_id_seq"
OWNED BY "public"."sys_config"."config_id";
SELECT setval('"public"."sys_config_config_id_seq"', 101, false);

-- ----------------------------
-- Alter sequences owned by
-- ----------------------------
ALTER SEQUENCE "public"."sys_dept_dept_id_seq"
OWNED BY "public"."sys_dept"."dept_id";
SELECT setval('"public"."sys_dept_dept_id_seq"', 101, false);

-- ----------------------------
-- Alter sequences owned by
-- ----------------------------
ALTER SEQUENCE "public"."sys_dict_data_dict_code_seq"
OWNED BY "public"."sys_dict_data"."dict_code";
SELECT setval('"public"."sys_dict_data_dict_code_seq"', 101, false);

-- ----------------------------
-- Alter sequences owned by
-- ----------------------------
ALTER SEQUENCE "public"."sys_dict_type_dict_id_seq"
OWNED BY "public"."sys_dict_type"."dict_id";
SELECT setval('"public"."sys_dict_type_dict_id_seq"', 101, false);

-- ----------------------------
-- Alter sequences owned by
-- ----------------------------
ALTER SEQUENCE "public"."sys_job_job_id_seq"
OWNED BY "public"."sys_job"."job_id";
SELECT setval('"public"."sys_job_job_id_seq"', 101, false);

-- ----------------------------
-- Alter sequences owned by
-- ----------------------------
ALTER SEQUENCE "public"."sys_job_log_job_log_id_seq"
OWNED BY "public"."sys_job_log"."job_log_id";
SELECT setval('"public"."sys_job_log_job_log_id_seq"', 101, false);

-- ----------------------------
-- Alter sequences owned by
-- ----------------------------
ALTER SEQUENCE "public"."sys_logininfor_info_id_seq"
OWNED BY "public"."sys_logininfor"."info_id";
SELECT setval('"public"."sys_logininfor_info_id_seq"', 101, false);

-- ----------------------------
-- Alter sequences owned by
-- ----------------------------
ALTER SEQUENCE "public"."sys_menu_menu_id_seq"
OWNED BY "public"."sys_menu"."menu_id";
SELECT setval('"public"."sys_menu_menu_id_seq"', 201, false);

-- ----------------------------
-- Alter sequences owned by
-- ----------------------------
ALTER SEQUENCE "public"."sys_oper_log_oper_id_seq"
OWNED BY "public"."sys_oper_log"."oper_id";
SELECT setval('"public"."sys_oper_log_oper_id_seq"', 101, false);

-- ----------------------------
-- Alter sequences owned by
-- ----------------------------
ALTER SEQUENCE "public"."sys_user_user_id_seq"
OWNED BY "public"."sys_user"."user_id";
SELECT setval('"public"."sys_user_user_id_seq"', 201, false);

-- ----------------------------
-- Alter sequences owned by
-- ----------------------------
SELECT setval('"public"."t_user_id_seq"', 2, false);

-- ----------------------------
-- Indexes structure for table gen_table
-- ----------------------------
CREATE INDEX "table_name_unique_index" ON "public"."gen_table" USING btree (
  "table_name" COLLATE "pg_catalog"."default" "pg_catalog"."text_ops" ASC NULLS LAST
);
COMMENT ON INDEX "public"."table_name_unique_index" IS '表名唯一索引';

-- ----------------------------
-- Primary Key structure for table gen_table
-- ----------------------------
ALTER TABLE "public"."gen_table" ADD CONSTRAINT "gen_table_pkey" PRIMARY KEY ("table_id");

-- ----------------------------
-- Primary Key structure for table gen_table_column
-- ----------------------------
ALTER TABLE "public"."gen_table_column" ADD CONSTRAINT "gen_table_column_pkey" PRIMARY KEY ("column_id");

-- ----------------------------
-- Primary Key structure for table qrtz_blob_triggers
-- ----------------------------
ALTER TABLE "public"."qrtz_blob_triggers" ADD CONSTRAINT "QRTZ_BLOB_TRIGGERS_pkey" PRIMARY KEY ("sched_name", "trigger_name", "trigger_group");

-- ----------------------------
-- Primary Key structure for table qrtz_calendars
-- ----------------------------
ALTER TABLE "public"."qrtz_calendars" ADD CONSTRAINT "QRTZ_CALENDARS_pkey" PRIMARY KEY ("sched_name", "calendar_name");

-- ----------------------------
-- Primary Key structure for table qrtz_cron_triggers
-- ----------------------------
ALTER TABLE "public"."qrtz_cron_triggers" ADD CONSTRAINT "QRTZ_CRON_TRIGGERS_pkey" PRIMARY KEY ("sched_name", "trigger_name", "trigger_group");

-- ----------------------------
-- Primary Key structure for table qrtz_fired_triggers
-- ----------------------------
ALTER TABLE "public"."qrtz_fired_triggers" ADD CONSTRAINT "QRTZ_FIRED_TRIGGERS_pkey" PRIMARY KEY ("sched_name", "entry_id");

-- ----------------------------
-- Primary Key structure for table qrtz_job_details
-- ----------------------------
ALTER TABLE "public"."qrtz_job_details" ADD CONSTRAINT "QRTZ_JOB_DETAILS_pkey" PRIMARY KEY ("sched_name", "job_name", "job_group");

-- ----------------------------
-- Primary Key structure for table qrtz_locks
-- ----------------------------
ALTER TABLE "public"."qrtz_locks" ADD CONSTRAINT "QRTZ_LOCKS_pkey" PRIMARY KEY ("sched_name", "lock_name");

-- ----------------------------
-- Primary Key structure for table qrtz_paused_trigger_grps
-- ----------------------------
ALTER TABLE "public"."qrtz_paused_trigger_grps" ADD CONSTRAINT "QRTZ_PAUSED_TRIGGER_GRPS_pkey" PRIMARY KEY ("sched_name", "trigger_group");

-- ----------------------------
-- Primary Key structure for table qrtz_scheduler_state
-- ----------------------------
ALTER TABLE "public"."qrtz_scheduler_state" ADD CONSTRAINT "QRTZ_SCHEDULER_STATE_pkey" PRIMARY KEY ("sched_name", "instance_name");

-- ----------------------------
-- Primary Key structure for table qrtz_simple_triggers
-- ----------------------------
ALTER TABLE "public"."qrtz_simple_triggers" ADD CONSTRAINT "QRTZ_SIMPLE_TRIGGERS_pkey" PRIMARY KEY ("sched_name", "trigger_name", "trigger_group");

-- ----------------------------
-- Primary Key structure for table qrtz_simprop_triggers
-- ----------------------------
ALTER TABLE "public"."qrtz_simprop_triggers" ADD CONSTRAINT "QRTZ_SIMPROP_TRIGGERS_pkey" PRIMARY KEY ("sched_name", "trigger_name", "trigger_group");

-- ----------------------------
-- Indexes structure for table qrtz_triggers
-- ----------------------------
CREATE INDEX "sched_name" ON "public"."qrtz_triggers" USING btree (
  "sched_name" COLLATE "pg_catalog"."default" "pg_catalog"."text_ops" ASC NULLS LAST,
  "job_name" COLLATE "pg_catalog"."default" "pg_catalog"."text_ops" ASC NULLS LAST,
  "job_group" COLLATE "pg_catalog"."default" "pg_catalog"."text_ops" ASC NULLS LAST
);

-- ----------------------------
-- Primary Key structure for table qrtz_triggers
-- ----------------------------
ALTER TABLE "public"."qrtz_triggers" ADD CONSTRAINT "QRTZ_TRIGGERS_pkey" PRIMARY KEY ("sched_name", "trigger_name", "trigger_group");

-- ----------------------------
-- Primary Key structure for table sys_config
-- ----------------------------
ALTER TABLE "public"."sys_config" ADD CONSTRAINT "sys_config_pkey" PRIMARY KEY ("config_id");

-- ----------------------------
-- Primary Key structure for table sys_dept
-- ----------------------------
ALTER TABLE "public"."sys_dept" ADD CONSTRAINT "sys_dept_pkey" PRIMARY KEY ("dept_id");

-- ----------------------------
-- Primary Key structure for table sys_dict_data
-- ----------------------------
ALTER TABLE "public"."sys_dict_data" ADD CONSTRAINT "sys_dict_data_pkey" PRIMARY KEY ("dict_code");

-- ----------------------------
-- Indexes structure for table sys_dict_type
-- ----------------------------
CREATE INDEX "dict_type" ON "public"."sys_dict_type" USING btree (
  "dict_type" COLLATE "pg_catalog"."default" "pg_catalog"."text_ops" ASC NULLS LAST
);

-- ----------------------------
-- Primary Key structure for table sys_dict_type
-- ----------------------------
ALTER TABLE "public"."sys_dict_type" ADD CONSTRAINT "sys_dict_type_pkey" PRIMARY KEY ("dict_id");

-- ----------------------------
-- Primary Key structure for table sys_job
-- ----------------------------
ALTER TABLE "public"."sys_job" ADD CONSTRAINT "sys_job_pkey" PRIMARY KEY ("job_id", "job_name", "job_group");

-- ----------------------------
-- Primary Key structure for table sys_job_log
-- ----------------------------
ALTER TABLE "public"."sys_job_log" ADD CONSTRAINT "sys_job_log_pkey" PRIMARY KEY ("job_log_id");

-- ----------------------------
-- Primary Key structure for table sys_logininfor
-- ----------------------------
ALTER TABLE "public"."sys_logininfor" ADD CONSTRAINT "sys_logininfor_pkey" PRIMARY KEY ("info_id");

-- ----------------------------
-- Indexes structure for table sys_menu
-- ----------------------------
CREATE INDEX "order_parent_id_index" ON "public"."sys_menu" USING btree (
  "parent_id" "pg_catalog"."int8_ops" ASC NULLS LAST,
  "order_num" "pg_catalog"."int4_ops" ASC NULLS LAST,
  "status" COLLATE "pg_catalog"."default" "pg_catalog"."bpchar_ops" ASC NULLS LAST
);
COMMENT ON INDEX "public"."order_parent_id_index" IS '父节点ID排序索引';

-- ----------------------------
-- Primary Key structure for table sys_menu
-- ----------------------------
ALTER TABLE "public"."sys_menu" ADD CONSTRAINT "sys_menu_pkey" PRIMARY KEY ("menu_id");

-- ----------------------------
-- Primary Key structure for table sys_notice
-- ----------------------------
ALTER TABLE "public"."sys_notice" ADD CONSTRAINT "sys_notice_pkey" PRIMARY KEY ("notice_id");

-- ----------------------------
-- Primary Key structure for table sys_oper_log
-- ----------------------------
ALTER TABLE "public"."sys_oper_log" ADD CONSTRAINT "sys_oper_log_pkey" PRIMARY KEY ("oper_id");

-- ----------------------------
-- Primary Key structure for table sys_post
-- ----------------------------
ALTER TABLE "public"."sys_post" ADD CONSTRAINT "sys_post_pkey" PRIMARY KEY ("post_id");

-- ----------------------------
-- Primary Key structure for table sys_role
-- ----------------------------
ALTER TABLE "public"."sys_role" ADD CONSTRAINT "sys_role_pkey" PRIMARY KEY ("role_id");

-- ----------------------------
-- Primary Key structure for table sys_role_dept
-- ----------------------------
ALTER TABLE "public"."sys_role_dept" ADD CONSTRAINT "sys_role_dept_pkey" PRIMARY KEY ("role_id", "dept_id");

-- ----------------------------
-- Primary Key structure for table sys_role_menu
-- ----------------------------
ALTER TABLE "public"."sys_role_menu" ADD CONSTRAINT "sys_role_menu_pkey" PRIMARY KEY ("role_id", "menu_id");

-- ----------------------------
-- Primary Key structure for table sys_user
-- ----------------------------
ALTER TABLE "public"."sys_user" ADD CONSTRAINT "sys_user_pkey" PRIMARY KEY ("user_id");

-- ----------------------------
-- Primary Key structure for table sys_user_post
-- ----------------------------
ALTER TABLE "public"."sys_user_post" ADD CONSTRAINT "sys_user_post_pkey" PRIMARY KEY ("user_id", "post_id");

-- ----------------------------
-- Primary Key structure for table sys_user_role
-- ----------------------------
ALTER TABLE "public"."sys_user_role" ADD CONSTRAINT "sys_user_role_pkey" PRIMARY KEY ("user_id", "role_id");

-- ----------------------------
-- Foreign Keys structure for table qrtz_blob_triggers
-- ----------------------------
ALTER TABLE "public"."qrtz_blob_triggers" ADD CONSTRAINT "QRTZ_BLOB_TRIGGERS_ibfk_1" FOREIGN KEY ("sched_name", "trigger_name", "trigger_group") REFERENCES "public"."qrtz_triggers" ("sched_name", "trigger_name", "trigger_group") ON DELETE NO ACTION ON UPDATE NO ACTION;

-- ----------------------------
-- Foreign Keys structure for table qrtz_cron_triggers
-- ----------------------------
ALTER TABLE "public"."qrtz_cron_triggers" ADD CONSTRAINT "QRTZ_CRON_TRIGGERS_ibfk_1" FOREIGN KEY ("sched_name", "trigger_name", "trigger_group") REFERENCES "public"."qrtz_triggers" ("sched_name", "trigger_name", "trigger_group") ON DELETE NO ACTION ON UPDATE NO ACTION;

-- ----------------------------
-- Foreign Keys structure for table qrtz_simple_triggers
-- ----------------------------
ALTER TABLE "public"."qrtz_simple_triggers" ADD CONSTRAINT "QRTZ_SIMPLE_TRIGGERS_ibfk_1" FOREIGN KEY ("sched_name", "trigger_name", "trigger_group") REFERENCES "public"."qrtz_triggers" ("sched_name", "trigger_name", "trigger_group") ON DELETE NO ACTION ON UPDATE NO ACTION;

-- ----------------------------
-- Foreign Keys structure for table qrtz_simprop_triggers
-- ----------------------------
ALTER TABLE "public"."qrtz_simprop_triggers" ADD CONSTRAINT "QRTZ_SIMPROP_TRIGGERS_ibfk_1" FOREIGN KEY ("sched_name", "trigger_name", "trigger_group") REFERENCES "public"."qrtz_triggers" ("sched_name", "trigger_name", "trigger_group") ON DELETE NO ACTION ON UPDATE NO ACTION;

-- ----------------------------
-- Foreign Keys structure for table qrtz_triggers
-- ----------------------------
ALTER TABLE "public"."qrtz_triggers" ADD CONSTRAINT "QRTZ_TRIGGERS_ibfk_1" FOREIGN KEY ("sched_name", "job_name", "job_group") REFERENCES "public"."qrtz_job_details" ("sched_name", "job_name", "job_group") ON DELETE NO ACTION ON UPDATE NO ACTION;


-- ----------------------------
-- Records of sys_user
-- ----------------------------
INSERT INTO "public"."sys_user" VALUES (1, 103, 'admin', '若依', '00', 'ry@163.com', '15888888888', '1', '', '$2a$10$7JB720yubVSZvUI0rEqK/.VqGOZTH.ulu33dHOiBE8ByOhJIrdAu2', '0', '0', '127.0.0.1', '2022-08-03 23:15:47', 'admin', '2021-03-07 17:58:10', '', '2022-08-03 23:15:49', '管理员');
INSERT INTO "public"."sys_user" VALUES (2, 105, 'ry', '若依', '00', 'ry@qq.com', '15666666666', '1', '', '$2a$10$7JB720yubVSZvUI0rEqK/.VqGOZTH.ulu33dHOiBE8ByOhJIrdAu2', '0', '0', '127.0.0.1', '2021-03-07 17:58:10', 'admin', '2021-03-07 17:58:10', 'admin', '2022-07-20 09:10:39', '测试员 =====');
INSERT INTO "public"."sys_user" VALUES (3, 108, 'test', 'test', '00', 'sss@168.com', '15555555555', '0', '/profile/avatar/2022/08/01/blob_20220801235701A022.jpeg', '$2a$10$jEw7ss5EnziTONZFdySV1eAeKQtQa3TFJArR5g.JjIZLQaRdoISSq', '0', '0', '', NULL, 'admin', '2021-05-05 16:05:51', 'admin', '2022-08-04 23:28:21', 'test');
INSERT INTO "public"."sys_user" VALUES (4, 103, 'sss', '砖头', '00', '三生三世ss88488@foxmail.vvv.com', '15284888888', '0', '/profile/avatar/2022/08/01/blob_20220801234407A019.jpeg', '$2a$10$jID73KbdnGsw/DYs6ybPQOh7uy/WiphN74qI93yMCJVNCkiq0xTDm', '0', '0', '', NULL, 'admin', '2022-07-20 06:15:31', 'admin', '2022-08-02 06:04:28', '试试水三生三世啥所所');
INSERT INTO "public"."sys_user" VALUES (5, 109, 'sw', '丝袜', '00', '4848@56.com', '15658448885', '1', '', '$2a$10$kdSmQGuPVF/rzEdSswa1V.Yrblm6iBAQWUF2u22JYFs6XsjDqVESy', '0', '0', '', NULL, 'admin', '2022-07-20 06:16:20', 'admin', '2022-07-26 07:51:01', '的萨达萨达打大啊啊啊');
INSERT INTO "public"."sys_user" VALUES (6, NULL, 'zwj', '张无忌', '00', '', '', '0', '', '$2a$10$ZnSy3jCKR3ivbO9oqm3jfOgxIRl/NQh1QKa/QJLRxddLl4Vy2iNo.', '0', '1', '', NULL, 'admin', '2022-07-20 06:16:46', '', NULL, NULL);
INSERT INTO "public"."sys_user" VALUES (7, NULL, 'qqqqq', '大撒啊啊', '00', '', '', '0', '', '$2a$10$E7pqunNHIApU1338P8uR3OMTdaFgfP.2w78kNANsm1DHF.jz6oaKS', '0', '1', '', NULL, 'admin', '2022-07-20 08:40:22', '', NULL, NULL);
INSERT INTO "public"."sys_user" VALUES (8, 122, '大大大', '少时诵诗书', '00', '', '', '0', '', '$2a$10$.Hdvfqlsho7U/NctF22OiOYlRiePjh1ppax7p5bx58dZ2LDy4hh5e', '0', '0', '', NULL, 'admin', '2022-07-20 08:40:47', 'admin', '2022-07-20 09:53:53', NULL);
INSERT INTO "public"."sys_user" VALUES (9, 122, 'ggg', '98999', '00', '', '', '0', '', '$2a$10$QZ637zPC622mKCmNHefhP.v.DO9rFrICEoFikYgQKMwclJvJIISXy', '0', '0', '', NULL, 'admin', '2022-07-20 09:11:07', 'admin', '2022-07-20 11:18:58', NULL);
INSERT INTO "public"."sys_user" VALUES (10, NULL, 'ppp', '的大多数是', '00', '', '15248488852', '0', '', '$2a$10$vwKM97.7uE/U/eKiaii4oOSqgBL2fzlmylcNqz717Rt3PW77.ouTC', '0', '0', '', NULL, 'admin', '2022-07-20 09:11:15', 'admin', '2022-07-26 06:17:14', NULL);
INSERT INTO "public"."sys_user" VALUES (11, NULL, 'uuu', '是飒飒啊', '00', '', '', '0', '', '$2a$10$f7SNDbirvWjSRu3VEyTcvuovDaw9HgDE2DUW6AMcQcYIVYnEXRfsq', '0', '0', '', NULL, 'admin', '2022-07-20 09:11:25', 'admin', '2022-07-28 08:10:57', NULL);
INSERT INTO "public"."sys_user" VALUES (12, NULL, '1111', '大大啊啊', '00', '', '', '0', '', '$2a$10$WQp6bQvcLKIBpFtEk3LAR.hLOa7Tt3Ey20kSDO517s76mMrELzABi', '1', '0', '', NULL, 'admin', '2022-07-26 06:22:23', 'admin', '2022-08-01 12:40:57', NULL);
INSERT INTO "public"."sys_user" VALUES (13, NULL, '9999', '484848', '00', '', '', '0', '', '$2a$10$JWK7lct5UC/zYRzo/rF97./Wghxy4zrX9a0rMrAMMkEUtlDTBnEgK', '1', '0', '', NULL, 'admin', '2022-07-26 06:36:30', 'admin', '2022-07-28 19:19:27', NULL);
INSERT INTO "public"."sys_user" VALUES (14, 109, 'dssss', '三生三世', '00', '', '', '1', '', '$2a$10$I57oF4/BoT/EMFcKpL79p.B1EgY.CbFG7OMJ.x8wPf.T7ndpfvIxy', '1', '0', '', NULL, 'admin', '2022-07-26 07:43:28', 'admin', '2022-07-29 02:58:54', '的萨达啊啊啊啊');
INSERT INTO "public"."sys_user" VALUES (15, NULL, 'rrr', '打啊', '00', '', '', '2', '', '$2a$10$tvmv47vJwSS7a2160bHAY.pwqKFfZoq9iPOjfDZRbUYpoRCwl2xgi', '1', '0', '', NULL, 'admin', '2022-07-26 07:44:07', 'admin', '2022-08-01 00:48:19', NULL);

-- ----------------------------
-- Records of sys_role
-- ----------------------------
INSERT INTO "public"."sys_role" VALUES (1, '超级管理员', 'admin', 1, '1', 1, 1, '0', '0', 'admin', '2021-03-07 17:58:10', '', NULL, '超级管理员');
INSERT INTO "public"."sys_role" VALUES (2, '普通角色', 'common', 2, '2', 1, 1, '0', '0', 'admin', '2021-03-07 17:58:10', 'admin', '2022-07-14 23:32:27', '普通角色');
INSERT INTO "public"."sys_role" VALUES (3, '测试相关', 'test', 3, '2', 1, 1, '0', '0', 'admin', '2022-07-14 22:39:08', 'admin', '2022-07-20 09:40:39', '测试角色');
INSERT INTO "public"."sys_role" VALUES (4, '开发相关', 'kf', 4, '1', 1, 1, '0', '0', 'admin', '2022-07-20 09:33:09', '', NULL, NULL);
INSERT INTO "public"."sys_role" VALUES (5, '运维相关', 'yw', 5, '1', 1, 1, '0', '0', 'admin', '2022-07-20 09:34:04', '', NULL, NULL);
INSERT INTO "public"."sys_role" VALUES (6, '前期调研', 'dy', 9, '1', 0, 0, '0', '0', 'admin', '2022-07-20 10:54:39', 'admin', '2022-07-31 14:36:19', NULL);
INSERT INTO "public"."sys_role" VALUES (7, '大大大', 'ttt', 20, '5', 1, 1, '0', '0', 'admin', '2022-08-01 09:36:15', 'admin', '2022-08-01 09:36:58', '的萨达萨达啊');

-- ----------------------------
-- Records of sys_user_role
-- ----------------------------
INSERT INTO "public"."sys_user_role" VALUES (1, 1, NULL, NULL);
INSERT INTO "public"."sys_user_role" VALUES (2, 2, NULL, NULL);
INSERT INTO "public"."sys_user_role" VALUES (3, 2, NULL, NULL);
INSERT INTO "public"."sys_user_role" VALUES (4, 3, '2022-08-02 02:43:50', '2022-08-02 02:43:50');
INSERT INTO "public"."sys_user_role" VALUES (4, 4, '2022-08-02 02:43:50', '2022-08-02 02:43:50');
INSERT INTO "public"."sys_user_role" VALUES (4, 5, '2022-08-02 02:43:50', '2022-08-02 02:43:50');
INSERT INTO "public"."sys_user_role" VALUES (4, 6, '2022-08-02 02:43:50', '2022-08-02 02:43:50');
INSERT INTO "public"."sys_user_role" VALUES (5, 2, '2022-07-26 07:51:01', '2022-07-26 07:51:01');
INSERT INTO "public"."sys_user_role" VALUES (5, 6, '2022-07-26 07:51:01', '2022-07-26 07:51:01');
INSERT INTO "public"."sys_user_role" VALUES (8, 3, NULL, NULL);
INSERT INTO "public"."sys_user_role" VALUES (8, 5, NULL, NULL);
INSERT INTO "public"."sys_user_role" VALUES (9, 6, '2022-07-20 11:18:58', '2022-07-20 11:18:58');
INSERT INTO "public"."sys_user_role" VALUES (10, 4, '2022-07-26 06:17:14', '2022-07-26 06:17:14');
INSERT INTO "public"."sys_user_role" VALUES (11, 6, '2022-07-28 08:10:57', '2022-07-28 08:10:57');

-- ----------------------------
-- Records of sys_menu
-- ----------------------------
INSERT INTO "public"."sys_menu" VALUES (1, '系统管理', 0, 1, 'system', NULL, '1', '0', 'M', '0', '0', '', 'system', 'admin', '2021-03-07 17:58:10', '', NULL, '系统管理目录');
INSERT INTO "public"."sys_menu" VALUES (2, '系统监控', 0, 2, 'monitor', NULL, '1', '0', 'M', '0', '0', '', 'monitor', 'admin', '2021-03-07 17:58:10', '', NULL, '系统监控目录');
INSERT INTO "public"."sys_menu" VALUES (3, '系统工具', 0, 3, 'tool', NULL, '1', '0', 'M', '0', '0', '', 'tool', 'admin', '2021-03-07 17:58:10', '', NULL, '系统工具目录');
INSERT INTO "public"."sys_menu" VALUES (4, '若依官网', 0, 4, 'http://ruoyi.vip', NULL, '0', '0', 'C', '0', '0', '', 'github', 'admin', '2021-03-07 17:58:10', 'admin', '2022-08-06 19:49:25', '若依官网地址');
INSERT INTO "public"."sys_menu" VALUES (100, '用户管理', 1, 1, 'user', 'system/user/index', '1', '0', 'C', '0', '0', 'system:user:list', 'user', 'admin', '2021-03-07 17:58:10', '', NULL, '用户管理菜单');
INSERT INTO "public"."sys_menu" VALUES (101, '角色管理', 1, 2, 'role', 'system/role/index', '1', '0', 'C', '0', '0', 'system:role:list', 'peoples', 'admin', '2021-03-07 17:58:10', '', NULL, '角色管理菜单');
INSERT INTO "public"."sys_menu" VALUES (102, '菜单管理', 1, 3, 'menu', 'system/menu/index', '1', '0', 'C', '0', '0', 'system:menu:list', 'tree-table', 'admin', '2021-03-07 17:58:10', '', NULL, '菜单管理菜单');
INSERT INTO "public"."sys_menu" VALUES (103, '部门管理', 1, 4, 'dept', 'system/dept/index', '1', '0', 'C', '0', '0', 'system:dept:list', 'table', 'admin', '2021-03-07 17:58:10', 'admin', '2022-07-28 07:55:31', '部门管理菜单');
INSERT INTO "public"."sys_menu" VALUES (104, '岗位管理', 1, 5, 'post', 'system/post/index', '1', '0', 'C', '0', '0', 'system:post:list', 'people', 'admin', '2021-03-07 17:58:10', 'admin', '2022-07-28 08:14:52', '岗位管理菜单');
INSERT INTO "public"."sys_menu" VALUES (105, '字典管理', 1, 6, 'dict', 'system/dict/index', '1', '0', 'C', '0', '0', 'system:dict:list', 'dict', 'admin', '2021-03-07 17:58:10', '', NULL, '字典管理菜单');
INSERT INTO "public"."sys_menu" VALUES (106, '参数设置', 1, 7, 'config', 'system/config/index', '1', '0', 'C', '0', '0', 'system:config:list', 'edit', 'admin', '2021-03-07 17:58:10', '', NULL, '参数设置菜单');
INSERT INTO "public"."sys_menu" VALUES (107, '通知公告', 1, 8, 'notice', 'system/notice/index', '1', '0', 'C', '0', '0', 'system:notice:list', 'message', 'admin', '2021-03-07 17:58:10', 'admin', '2022-07-28 08:15:14', '通知公告菜单');
INSERT INTO "public"."sys_menu" VALUES (108, '日志管理', 1, 9, 'log', '', '1', '0', 'M', '0', '0', '', 'logininfor', 'admin', '2021-03-07 17:58:10', 'admin', '2022-07-28 08:16:18', '日志管理菜单');
INSERT INTO "public"."sys_menu" VALUES (109, '在线用户', 2, 1, 'online', 'monitor/online/index', '1', '0', 'C', '0', '0', 'monitor:online:list', 'online', 'admin', '2021-03-07 17:58:10', '', NULL, '在线用户菜单');
INSERT INTO "public"."sys_menu" VALUES (110, '定时任务', 2, 2, 'job', 'monitor/job/index', '1', '0', 'C', '0', '0', 'monitor:job:list', 'job', 'admin', '2021-03-07 17:58:10', '', NULL, '定时任务菜单');
INSERT INTO "public"."sys_menu" VALUES (111, '数据监控', 2, 3, 'druid', 'monitor/druid/index', '1', '0', 'C', '0', '0', 'monitor:druid:list', 'druid', 'admin', '2021-03-07 17:58:10', '', NULL, '数据监控菜单');
INSERT INTO "public"."sys_menu" VALUES (112, '服务监控', 2, 4, 'server', 'monitor/server/index', '1', '0', 'C', '0', '0', 'monitor:server:list', 'server', 'admin', '2021-03-07 17:58:10', '', NULL, '服务监控菜单');
INSERT INTO "public"."sys_menu" VALUES (113, '缓存监控', 2, 5, 'cache', 'monitor/cache/index', '1', '0', 'C', '0', '0', 'monitor:cache:list', 'redis', 'admin', '2021-03-07 17:58:10', '', NULL, '缓存监控菜单');
INSERT INTO "public"."sys_menu" VALUES (114, '表单构建', 3, 1, 'build', 'tool/build/index', '1', '0', 'C', '0', '0', 'tool:build:list', 'build', 'admin', '2021-03-07 17:58:10', 'admin', '2022-07-14 15:12:23', '表单构建菜单');
INSERT INTO "public"."sys_menu" VALUES (115, '代码生成', 3, 2, 'gen', 'tool/gen/index', '1', '0', 'C', '0', '0', 'tool:gen:list', 'code', 'admin', '2021-03-07 17:58:10', '', NULL, '代码生成菜单');
INSERT INTO "public"."sys_menu" VALUES (116, '接口文档', 0, 4, 'doc', '', '1', '0', 'M', '0', '0', '', 'education', 'admin', '2021-03-07 17:58:10', 'admin', '2022-08-06 19:48:51', '系统接口菜单');
INSERT INTO "public"."sys_menu" VALUES (500, '操作日志', 108, 1, 'operlog', 'monitor/operlog/index', '1', '0', 'C', '0', '0', 'monitor:operlog:list', 'form', 'admin', '2021-03-07 17:58:10', '', NULL, '操作日志菜单');
INSERT INTO "public"."sys_menu" VALUES (501, '登录日志', 108, 2, 'logininfor', 'monitor/logininfor/index', '1', '0', 'C', '0', '0', 'monitor:logininfor:list', 'logininfor', 'admin', '2021-03-07 17:58:10', '', NULL, '登录日志菜单');
INSERT INTO "public"."sys_menu" VALUES (1001, '用户查询', 100, 1, '', '', '1', '0', 'F', '0', '0', 'system:user:query', '#', 'admin', '2021-03-07 17:58:10', '', NULL, '');
INSERT INTO "public"."sys_menu" VALUES (1002, '用户新增', 100, 2, '', '', '1', '0', 'F', '0', '0', 'system:user:add', '#', 'admin', '2021-03-07 17:58:10', '', NULL, '');
INSERT INTO "public"."sys_menu" VALUES (1003, '用户修改', 100, 3, '', '', '1', '0', 'F', '0', '0', 'system:user:edit', '#', 'admin', '2021-03-07 17:58:10', '', NULL, '');
INSERT INTO "public"."sys_menu" VALUES (1004, '用户删除', 100, 4, '', '', '1', '0', 'F', '0', '0', 'system:user:remove', '#', 'admin', '2021-03-07 17:58:10', '', NULL, '');
INSERT INTO "public"."sys_menu" VALUES (1005, '用户导出', 100, 5, '', '', '1', '0', 'F', '0', '0', 'system:user:export', '#', 'admin', '2021-03-07 17:58:10', '', NULL, '');
INSERT INTO "public"."sys_menu" VALUES (1006, '用户导入', 100, 6, '', '', '1', '0', 'F', '0', '0', 'system:user:import', '#', 'admin', '2021-03-07 17:58:10', '', NULL, '');
INSERT INTO "public"."sys_menu" VALUES (1007, '重置密码', 100, 7, '', '', '1', '0', 'F', '0', '0', 'system:user:resetPwd', '#', 'admin', '2021-03-07 17:58:10', '', NULL, '');
INSERT INTO "public"."sys_menu" VALUES (1008, '角色查询', 101, 1, '', '', '1', '0', 'F', '0', '0', 'system:role:query', '#', 'admin', '2021-03-07 17:58:10', '', NULL, '');
INSERT INTO "public"."sys_menu" VALUES (1009, '角色新增', 101, 2, '', '', '1', '0', 'F', '0', '0', 'system:role:add', '#', 'admin', '2021-03-07 17:58:10', '', NULL, '');
INSERT INTO "public"."sys_menu" VALUES (1010, '角色修改', 101, 3, '', '', '1', '0', 'F', '0', '0', 'system:role:edit', '#', 'admin', '2021-03-07 17:58:10', '', NULL, '');
INSERT INTO "public"."sys_menu" VALUES (1011, '角色删除', 101, 4, '', '', '1', '0', 'F', '0', '0', 'system:role:remove', '#', 'admin', '2021-03-07 17:58:10', '', NULL, '');
INSERT INTO "public"."sys_menu" VALUES (1012, '角色导出', 101, 5, '', '', '1', '0', 'F', '0', '0', 'system:role:export', '#', 'admin', '2021-03-07 17:58:10', '', NULL, '');
INSERT INTO "public"."sys_menu" VALUES (1013, '菜单查询', 102, 1, '', '', '1', '0', 'F', '0', '0', 'system:menu:query', '#', 'admin', '2021-03-07 17:58:10', '', NULL, '');
INSERT INTO "public"."sys_menu" VALUES (1014, '菜单新增', 102, 2, '', '', '1', '0', 'F', '0', '0', 'system:menu:add', '#', 'admin', '2021-03-07 17:58:10', '', NULL, '');
INSERT INTO "public"."sys_menu" VALUES (1015, '菜单修改', 102, 3, '', '', '1', '0', 'F', '0', '0', 'system:menu:edit', '#', 'admin', '2021-03-07 17:58:10', '', NULL, '');
INSERT INTO "public"."sys_menu" VALUES (1016, '菜单删除', 102, 4, '', '', '1', '0', 'F', '0', '0', 'system:menu:remove', '#', 'admin', '2021-03-07 17:58:10', '', NULL, '');
INSERT INTO "public"."sys_menu" VALUES (1017, '部门查询', 103, 1, '', '', '1', '0', 'F', '0', '0', 'system:dept:query', '#', 'admin', '2021-03-07 17:58:10', '', NULL, '');
INSERT INTO "public"."sys_menu" VALUES (1018, '部门新增', 103, 2, '', '', '1', '0', 'F', '0', '0', 'system:dept:add', '#', 'admin', '2021-03-07 17:58:10', '', NULL, '');
INSERT INTO "public"."sys_menu" VALUES (1019, '修改', 103, 3, '', '', '1', '0', 'F', '0', '0', 'system:dept:edit', '#', 'admin', '2021-03-07 17:58:10', 'admin', '2022-07-27 09:46:14', '');
INSERT INTO "public"."sys_menu" VALUES (1020, '删除', 103, 4, '', '', '1', '0', 'F', '0', '0', 'system:dept:remove', '#', 'admin', '2021-03-07 17:58:10', 'admin', '2022-07-27 09:46:08', '');
INSERT INTO "public"."sys_menu" VALUES (1021, '岗位查询', 104, 1, '', '', '1', '0', 'F', '0', '0', 'system:post:query', '#', 'admin', '2021-03-07 17:58:10', '', NULL, '');
INSERT INTO "public"."sys_menu" VALUES (1022, '岗位新增', 104, 2, '', '', '1', '0', 'F', '0', '0', 'system:post:add', '#', 'admin', '2021-03-07 17:58:10', '', NULL, '');
INSERT INTO "public"."sys_menu" VALUES (1023, '岗位修改', 104, 3, '', '', '1', '0', 'F', '0', '0', 'system:post:edit', '#', 'admin', '2021-03-07 17:58:10', '', NULL, '');
INSERT INTO "public"."sys_menu" VALUES (1024, '岗位删除', 104, 4, '', '', '1', '0', 'F', '0', '0', 'system:post:remove', '#', 'admin', '2021-03-07 17:58:10', '', NULL, '');
INSERT INTO "public"."sys_menu" VALUES (1025, '岗位导出', 104, 5, '', '', '1', '0', 'F', '0', '0', 'system:post:export', '#', 'admin', '2021-03-07 17:58:10', '', NULL, '');
INSERT INTO "public"."sys_menu" VALUES (1026, '字典查询', 105, 1, '#', '', '1', '0', 'F', '0', '0', 'system:dict:query', '#', 'admin', '2021-03-07 17:58:10', '', NULL, '');
INSERT INTO "public"."sys_menu" VALUES (1027, '字典新增', 105, 2, '#', '', '1', '0', 'F', '0', '0', 'system:dict:add', '#', 'admin', '2021-03-07 17:58:10', '', NULL, '');
INSERT INTO "public"."sys_menu" VALUES (1028, '字典修改', 105, 3, '#', '', '1', '0', 'F', '0', '0', 'system:dict:edit', '#', 'admin', '2021-03-07 17:58:10', '', NULL, '');
INSERT INTO "public"."sys_menu" VALUES (1029, '字典删除', 105, 4, '#', '', '1', '0', 'F', '0', '0', 'system:dict:remove', '#', 'admin', '2021-03-07 17:58:10', '', NULL, '');
INSERT INTO "public"."sys_menu" VALUES (1030, '字典导出', 105, 5, '#', '', '1', '0', 'F', '0', '0', 'system:dict:export', '#', 'admin', '2021-03-07 17:58:10', '', NULL, '');
INSERT INTO "public"."sys_menu" VALUES (1031, '参数查询', 106, 1, '#', '', '1', '0', 'F', '0', '0', 'system:config:query', '#', 'admin', '2021-03-07 17:58:10', '', NULL, '');
INSERT INTO "public"."sys_menu" VALUES (1032, '参数新增', 106, 2, '#', '', '1', '0', 'F', '0', '0', 'system:config:add', '#', 'admin', '2021-03-07 17:58:10', '', NULL, '');
INSERT INTO "public"."sys_menu" VALUES (1033, '参数修改', 106, 3, '#', '', '1', '0', 'F', '0', '0', 'system:config:edit', '#', 'admin', '2021-03-07 17:58:10', '', NULL, '');
INSERT INTO "public"."sys_menu" VALUES (1034, '参数删除', 106, 4, '#', '', '1', '0', 'F', '0', '0', 'system:config:remove', '#', 'admin', '2021-03-07 17:58:10', '', NULL, '');
INSERT INTO "public"."sys_menu" VALUES (1035, '参数导出', 106, 5, '#', '', '1', '0', 'F', '0', '0', 'system:config:export', '#', 'admin', '2021-03-07 17:58:10', '', NULL, '');
INSERT INTO "public"."sys_menu" VALUES (1036, '公告查询', 107, 1, '#', '', '1', '0', 'F', '0', '0', 'system:notice:query', '#', 'admin', '2021-03-07 17:58:10', '', NULL, '');
INSERT INTO "public"."sys_menu" VALUES (1037, '公告新增', 107, 2, '#', '', '1', '0', 'F', '0', '0', 'system:notice:add', '#', 'admin', '2021-03-07 17:58:10', '', NULL, '');
INSERT INTO "public"."sys_menu" VALUES (1038, '公告修改', 107, 3, '#', '', '1', '0', 'F', '0', '0', 'system:notice:edit', '#', 'admin', '2021-03-07 17:58:10', '', NULL, '');
INSERT INTO "public"."sys_menu" VALUES (1039, '公告删除', 107, 4, '#', '', '1', '0', 'F', '0', '0', 'system:notice:remove', '#', 'admin', '2021-03-07 17:58:10', '', NULL, '');
INSERT INTO "public"."sys_menu" VALUES (1040, '操作查询', 500, 1, '#', '', '1', '0', 'F', '0', '0', 'monitor:operlog:query', '#', 'admin', '2021-03-07 17:58:10', '', NULL, '');
INSERT INTO "public"."sys_menu" VALUES (1041, '操作删除', 500, 2, '#', '', '1', '0', 'F', '0', '0', 'monitor:operlog:remove', '#', 'admin', '2021-03-07 17:58:10', '', NULL, '');
INSERT INTO "public"."sys_menu" VALUES (1042, '日志导出', 500, 4, '#', '', '1', '0', 'F', '0', '0', 'monitor:operlog:export', '#', 'admin', '2021-03-07 17:58:10', '', NULL, '');
INSERT INTO "public"."sys_menu" VALUES (1043, '登录查询', 501, 1, '#', '', '1', '0', 'F', '0', '0', 'monitor:logininfor:query', '#', 'admin', '2021-03-07 17:58:10', '', NULL, '');
INSERT INTO "public"."sys_menu" VALUES (1044, '登录删除', 501, 2, '#', '', '1', '0', 'F', '0', '0', 'monitor:logininfor:remove', '#', 'admin', '2021-03-07 17:58:10', '', NULL, '');
INSERT INTO "public"."sys_menu" VALUES (1045, '日志导出', 501, 3, '#', '', '1', '0', 'F', '0', '0', 'monitor:logininfor:export', '#', 'admin', '2021-03-07 17:58:10', '', NULL, '');
INSERT INTO "public"."sys_menu" VALUES (1046, '在线查询', 109, 1, '#', '', '1', '0', 'F', '0', '0', 'monitor:online:query', '#', 'admin', '2021-03-07 17:58:10', '', NULL, '');
INSERT INTO "public"."sys_menu" VALUES (1047, '批量强退', 109, 2, '#', '', '1', '0', 'F', '0', '0', 'monitor:online:batchLogout', '#', 'admin', '2021-03-07 17:58:10', '', NULL, '');
INSERT INTO "public"."sys_menu" VALUES (1048, '单条强退', 109, 3, '#', '', '1', '0', 'F', '0', '0', 'monitor:online:forceLogout', '#', 'admin', '2021-03-07 17:58:10', '', NULL, '');
INSERT INTO "public"."sys_menu" VALUES (1049, '任务查询', 110, 1, '#', '', '1', '0', 'F', '0', '0', 'monitor:job:query', '#', 'admin', '2021-03-07 17:58:10', '', NULL, '');
INSERT INTO "public"."sys_menu" VALUES (1050, '任务新增', 110, 2, '#', '', '1', '0', 'F', '0', '0', 'monitor:job:add', '#', 'admin', '2021-03-07 17:58:10', '', NULL, '');
INSERT INTO "public"."sys_menu" VALUES (1051, '任务修改', 110, 3, '#', '', '1', '0', 'F', '0', '0', 'monitor:job:edit', '#', 'admin', '2021-03-07 17:58:10', '', NULL, '');
INSERT INTO "public"."sys_menu" VALUES (1052, '任务删除', 110, 4, '#', '', '1', '0', 'F', '0', '0', 'monitor:job:remove', '#', 'admin', '2021-03-07 17:58:10', '', NULL, '');
INSERT INTO "public"."sys_menu" VALUES (1053, '状态修改', 110, 5, '#', '', '1', '0', 'F', '0', '0', 'monitor:job:changeStatus', '#', 'admin', '2021-03-07 17:58:10', '', NULL, '');
INSERT INTO "public"."sys_menu" VALUES (1054, '任务导出', 110, 7, '#', '', '1', '0', 'F', '0', '0', 'monitor:job:export', '#', 'admin', '2021-03-07 17:58:10', '', NULL, '');
INSERT INTO "public"."sys_menu" VALUES (1055, '生成查询', 115, 1, '#', '', '1', '0', 'F', '0', '0', 'tool:gen:query', '#', 'admin', '2021-03-07 17:58:10', '', NULL, '');
INSERT INTO "public"."sys_menu" VALUES (1056, '生成修改', 115, 2, '#', '', '1', '0', 'F', '0', '0', 'tool:gen:edit', '#', 'admin', '2021-03-07 17:58:10', '', NULL, '');
INSERT INTO "public"."sys_menu" VALUES (1057, '生成删除', 115, 3, '#', '', '1', '0', 'F', '0', '0', 'tool:gen:remove', '#', 'admin', '2021-03-07 17:58:10', '', NULL, '');
INSERT INTO "public"."sys_menu" VALUES (1058, '导入代码', 115, 2, '#', '', '1', '0', 'F', '0', '0', 'tool:gen:import', '#', 'admin', '2021-03-07 17:58:10', '', NULL, '');
INSERT INTO "public"."sys_menu" VALUES (1059, '预览代码', 115, 4, '#', '', '1', '0', 'F', '0', '0', 'tool:gen:preview', '#', 'admin', '2021-03-07 17:58:10', '', NULL, '');
INSERT INTO "public"."sys_menu" VALUES (1060, '生成代码', 115, 5, '#', '', '1', '0', 'F', '0', '0', 'tool:gen:code', '#', 'admin', '2021-03-07 17:58:10', '', NULL, '');
INSERT INTO "public"."sys_menu" VALUES (1061, '缓存列表', 2, 6, 'cacheList', 'monitor/cache/list', '1', '0', 'C', '0', '0', 'monitor:cache:list', 'list', 'admin', '2022-08-03 17:05:24', 'admin', '2022-08-04 06:04:32', '');
INSERT INTO "public"."sys_menu" VALUES (1064, '博客内容管理', 3, 50, 'https://mp.csdn.net/', NULL, '0', '1', 'C', '0', '0', '', 'dashboard', 'admin', '2022-08-05 06:32:39', 'admin', '2022-08-07 04:42:46', '');
INSERT INTO "public"."sys_menu" VALUES (1066, '若依ts版本', 0, 126, 'https://gitee.com/lyforvue/ruoyi_vue3_ts', NULL, '0', '0', 'M', '0', '0', '', 'documentation', 'admin', '2022-08-05 06:51:41', 'admin', '2022-08-06 18:14:38', '');
INSERT INTO "public"."sys_menu" VALUES (1067, 'swagger文档', 116, 2, 'swagger', 'tool/doc/swagger/index', '1', '0', 'C', '0', '0', 'tool:swagger:index', 'pdf', 'admin', '2022-08-06 19:23:18', '', NULL, '');
INSERT INTO "public"."sys_menu" VALUES (1068, 'knif4j文档', 116, 1, 'knif4j', 'tool/doc/knif4j/index', '1', '0', 'C', '0', '0', 'tool:knif4j:index', 'documentation', 'admin', '2022-08-06 19:31:29', '', NULL, '');


-- ----------------------------
-- Records of sys_dept
-- ----------------------------
INSERT INTO "public"."sys_dept" VALUES (100, 0, '0', '若依科技', 0, '若依', '15888888888', 'ry@qq.com', '0', '0', 'admin', '2021-03-07 17:58:10', 'admin', '2022-08-05 09:44:26');
INSERT INTO "public"."sys_dept" VALUES (101, 100, '0,100', '深圳总公司', 1, '若依', '15888888888', 'ry@qq.com', '0', '0', 'admin', '2021-03-07 17:58:10', '', NULL);
INSERT INTO "public"."sys_dept" VALUES (102, 100, '0,100', '长沙分公司', 2, '若依', '15588888888', 'ry@qq.com', '0', '0', 'admin', '2021-03-07 17:58:10', 'admin', '2022-08-01 08:08:20');
INSERT INTO "public"."sys_dept" VALUES (103, 101, '0,100,101', '研发部门', 1, '若依', '15888888888', 'ry@qq.com', '0', '0', 'admin', '2021-03-07 17:58:10', '', NULL);
INSERT INTO "public"."sys_dept" VALUES (104, 101, '0,100,101', '市场部门', 2, '若依', '15888888888', 'ry@qq.com', '0', '0', 'admin', '2021-03-07 17:58:10', '', NULL);
INSERT INTO "public"."sys_dept" VALUES (105, 101, '0,100,101', '测试部门', 3, '若依', '15888888888', 'ry@qq.com', '0', '0', 'admin', '2021-03-07 17:58:10', '', NULL);
INSERT INTO "public"."sys_dept" VALUES (106, 101, '0,100,101', '财务部门', 4, '若依', '15888888888', 'ry@qq.com', '0', '0', 'admin', '2021-03-07 17:58:10', '', NULL);
INSERT INTO "public"."sys_dept" VALUES (107, 101, '0,100,101', '运维部门', 5, '若依', '15888888888', 'ry@qq.com', '0', '0', 'admin', '2021-03-07 17:58:10', '', NULL);
INSERT INTO "public"."sys_dept" VALUES (108, 102, '0,100,102', '市场部门', 1, '若依', '15888888888', 'ry@qq.com', '0', '0', 'admin', '2021-03-07 17:58:10', '', NULL);
INSERT INTO "public"."sys_dept" VALUES (109, 102, '0,100,102', '财务部门', 2, '若依', '15888888888', 'ry@qq.com', '0', '0', 'admin', '2021-03-07 17:58:10', '', NULL);
INSERT INTO "public"."sys_dept" VALUES (110, 100, '0,100', '这种消息暂住证', 555, '打算的撒啊啊', NULL, 'dsadaa@111.com', '0', '0', 'test', '2022-07-16 04:52:07', 'admin', '2022-08-05 09:28:03');
INSERT INTO "public"."sys_dept" VALUES (111, 100, '0,100', '杭州分公司', 33, NULL, NULL, NULL, '0', '0', 'test', '2022-07-16 04:52:46', 'admin', '2022-07-20 09:52:36');
INSERT INTO "public"."sys_dept" VALUES (112, 110, '0,100,110', '1515', 1, NULL, NULL, NULL, '0', '2', 'admin', '2022-07-16 06:45:21', '', NULL);
INSERT INTO "public"."sys_dept" VALUES (113, 112, '0,100,110,112', '大大撒啊', 1, NULL, NULL, NULL, '0', '2', 'admin', '2022-07-16 06:45:30', '', NULL);
INSERT INTO "public"."sys_dept" VALUES (114, 113, '0,100,110,112,113', '2434343', 1, NULL, NULL, NULL, '0', '2', 'admin', '2022-07-16 06:45:39', '', NULL);
INSERT INTO "public"."sys_dept" VALUES (115, 114, '0,100,110,112,113,114', '2222', 1, NULL, NULL, NULL, '0', '2', 'admin', '2022-07-16 06:45:47', '', NULL);
INSERT INTO "public"."sys_dept" VALUES (116, 115, '0,100,110,112,113,114,115', '微微儿', 1, NULL, NULL, NULL, '0', '2', 'admin', '2022-07-16 06:46:07', '', NULL);
INSERT INTO "public"."sys_dept" VALUES (117, 116, '0,100,110,112,113,114,115,116', '1111', 1, NULL, NULL, NULL, '0', '2', 'admin', '2022-07-16 06:46:16', '', NULL);
INSERT INTO "public"."sys_dept" VALUES (118, 117, '0,100,110,112,113,114,115,116,117', '23232', 1, NULL, NULL, NULL, '0', '2', 'admin', '2022-07-16 06:46:32', '', NULL);
INSERT INTO "public"."sys_dept" VALUES (119, 111, '0,100,111', '研发一部', 1, NULL, NULL, NULL, '0', '0', 'admin', '2022-07-20 09:52:50', '', NULL);
INSERT INTO "public"."sys_dept" VALUES (120, 111, '0,100,111', '研发二部', 2, NULL, NULL, NULL, '0', '0', 'admin', '2022-07-20 09:52:59', '', NULL);
INSERT INTO "public"."sys_dept" VALUES (121, 111, '0,100,111', '测试部门', 3, NULL, NULL, NULL, '0', '0', 'admin', '2022-07-20 09:53:11', '', NULL);
INSERT INTO "public"."sys_dept" VALUES (122, 111, '0,100,111', '服务运维', 4, NULL, NULL, NULL, '0', '0', 'admin', '2022-07-20 09:53:29', '', NULL);
INSERT INTO "public"."sys_dept" VALUES (123, 111, '0,100,111', '售后维护', 6, '大大大啊', '15684848888', '111@sss.com', '1', '0', 'admin', '2022-08-01 03:33:01', 'admin', '2022-08-01 03:33:51');
INSERT INTO "public"."sys_dept" VALUES (124, 100, '0,100', '大大啊', 200, '奥术大师S', NULL, '111@163.xom', '1', '2', 'admin', '2022-08-05 08:20:12', 'admin', '2022-08-05 08:21:13');
INSERT INTO "public"."sys_dept" VALUES (125, 100, '0,100', '大撒啊啊', 201, NULL, NULL, NULL, '0', '2', 'admin', '2022-08-05 08:20:28', '', NULL);
INSERT INTO "public"."sys_dept" VALUES (126, 124, '0,100,124', '大大撒啊', 1111, NULL, NULL, NULL, '1', '2', 'admin', '2022-08-05 08:25:50', 'admin', '2022-08-05 09:27:38');
INSERT INTO "public"."sys_dept" VALUES (127, 104, '0,100,101,104', '大大啊', 2222, '大大啊', NULL, NULL, '0', '0', 'admin', '2022-08-05 09:20:05', '', NULL);
INSERT INTO "public"."sys_dept" VALUES (128, 100, '0,100', 'dsadaaa', 11111, 'sdsdsdsasa', NULL, NULL, '0', '2', 'admin', '2022-08-05 09:44:21', 'admin', '2022-08-05 09:44:26');
INSERT INTO "public"."sys_dept" VALUES (129, 128, '0,100,128', 'dsadaa', 1, 'dsadada', NULL, NULL, '0', '2', 'admin', '2022-08-05 09:44:33', '', NULL);
INSERT INTO "public"."sys_dept" VALUES (130, 105, '0,100,101,105', '测试试是', 10, '大大啊啊啊', NULL, NULL, '0', '0', 'admin', '2022-08-06 10:01:04', '', NULL);
INSERT INTO "public"."sys_dept" VALUES (131, 130, '0,100,101,105,130', '大萨达啊大', 1, '大大啊啊', NULL, NULL, '1', '0', 'admin', '2022-08-06 10:01:16', 'admin', '2022-08-06 10:01:21');

-- ----------------------------
-- Records of sys_role_dept
-- ----------------------------
INSERT INTO "public"."sys_role_dept" VALUES (2, 100, NULL, NULL);
INSERT INTO "public"."sys_role_dept" VALUES (2, 101, NULL, NULL);
INSERT INTO "public"."sys_role_dept" VALUES (2, 104, NULL, NULL);
INSERT INTO "public"."sys_role_dept" VALUES (2, 105, NULL, NULL);
INSERT INTO "public"."sys_role_dept" VALUES (2, 107, NULL, NULL);
INSERT INTO "public"."sys_role_dept" VALUES (3, 100, NULL, NULL);
INSERT INTO "public"."sys_role_dept" VALUES (3, 101, NULL, NULL);
INSERT INTO "public"."sys_role_dept" VALUES (3, 105, NULL, NULL);

-- ----------------------------
-- Records of sys_role_menu
-- ----------------------------
INSERT INTO "public"."sys_role_menu" VALUES (2, 1, NULL, NULL);
INSERT INTO "public"."sys_role_menu" VALUES (2, 100, NULL, NULL);
INSERT INTO "public"."sys_role_menu" VALUES (2, 101, NULL, NULL);
INSERT INTO "public"."sys_role_menu" VALUES (2, 102, NULL, NULL);
INSERT INTO "public"."sys_role_menu" VALUES (2, 103, NULL, NULL);
INSERT INTO "public"."sys_role_menu" VALUES (2, 104, NULL, NULL);
INSERT INTO "public"."sys_role_menu" VALUES (2, 105, NULL, NULL);
INSERT INTO "public"."sys_role_menu" VALUES (2, 106, NULL, NULL);
INSERT INTO "public"."sys_role_menu" VALUES (2, 107, NULL, NULL);
INSERT INTO "public"."sys_role_menu" VALUES (2, 108, NULL, NULL);
INSERT INTO "public"."sys_role_menu" VALUES (2, 500, NULL, NULL);
INSERT INTO "public"."sys_role_menu" VALUES (2, 501, NULL, NULL);
INSERT INTO "public"."sys_role_menu" VALUES (2, 1001, NULL, NULL);
INSERT INTO "public"."sys_role_menu" VALUES (2, 1002, NULL, NULL);
INSERT INTO "public"."sys_role_menu" VALUES (2, 1008, NULL, NULL);
INSERT INTO "public"."sys_role_menu" VALUES (2, 1013, NULL, NULL);
INSERT INTO "public"."sys_role_menu" VALUES (2, 1017, NULL, NULL);
INSERT INTO "public"."sys_role_menu" VALUES (2, 1018, NULL, NULL);
INSERT INTO "public"."sys_role_menu" VALUES (2, 1021, NULL, NULL);
INSERT INTO "public"."sys_role_menu" VALUES (2, 1022, NULL, NULL);
INSERT INTO "public"."sys_role_menu" VALUES (2, 1023, NULL, NULL);
INSERT INTO "public"."sys_role_menu" VALUES (2, 1024, NULL, NULL);
INSERT INTO "public"."sys_role_menu" VALUES (2, 1025, NULL, NULL);
INSERT INTO "public"."sys_role_menu" VALUES (2, 1026, NULL, NULL);
INSERT INTO "public"."sys_role_menu" VALUES (2, 1027, NULL, NULL);
INSERT INTO "public"."sys_role_menu" VALUES (2, 1028, NULL, NULL);
INSERT INTO "public"."sys_role_menu" VALUES (2, 1029, NULL, NULL);
INSERT INTO "public"."sys_role_menu" VALUES (2, 1030, NULL, NULL);
INSERT INTO "public"."sys_role_menu" VALUES (2, 1031, NULL, NULL);
INSERT INTO "public"."sys_role_menu" VALUES (2, 1032, NULL, NULL);
INSERT INTO "public"."sys_role_menu" VALUES (2, 1033, NULL, NULL);
INSERT INTO "public"."sys_role_menu" VALUES (2, 1034, NULL, NULL);
INSERT INTO "public"."sys_role_menu" VALUES (2, 1035, NULL, NULL);
INSERT INTO "public"."sys_role_menu" VALUES (2, 1036, NULL, NULL);
INSERT INTO "public"."sys_role_menu" VALUES (2, 1037, NULL, NULL);
INSERT INTO "public"."sys_role_menu" VALUES (2, 1038, NULL, NULL);
INSERT INTO "public"."sys_role_menu" VALUES (2, 1039, NULL, NULL);
INSERT INTO "public"."sys_role_menu" VALUES (2, 1040, NULL, NULL);
INSERT INTO "public"."sys_role_menu" VALUES (2, 1041, NULL, NULL);
INSERT INTO "public"."sys_role_menu" VALUES (2, 1042, NULL, NULL);
INSERT INTO "public"."sys_role_menu" VALUES (2, 1043, NULL, NULL);
INSERT INTO "public"."sys_role_menu" VALUES (2, 1044, NULL, NULL);
INSERT INTO "public"."sys_role_menu" VALUES (2, 1045, NULL, NULL);
INSERT INTO "public"."sys_role_menu" VALUES (3, 3, NULL, NULL);
INSERT INTO "public"."sys_role_menu" VALUES (3, 4, NULL, NULL);
INSERT INTO "public"."sys_role_menu" VALUES (3, 114, NULL, NULL);
INSERT INTO "public"."sys_role_menu" VALUES (3, 115, NULL, NULL);
INSERT INTO "public"."sys_role_menu" VALUES (3, 116, NULL, NULL);
INSERT INTO "public"."sys_role_menu" VALUES (3, 1055, NULL, NULL);
INSERT INTO "public"."sys_role_menu" VALUES (3, 1056, NULL, NULL);
INSERT INTO "public"."sys_role_menu" VALUES (3, 1057, NULL, NULL);
INSERT INTO "public"."sys_role_menu" VALUES (3, 1058, NULL, NULL);
INSERT INTO "public"."sys_role_menu" VALUES (3, 1059, NULL, NULL);
INSERT INTO "public"."sys_role_menu" VALUES (3, 1060, NULL, NULL);
INSERT INTO "public"."sys_role_menu" VALUES (4, 2, NULL, NULL);
INSERT INTO "public"."sys_role_menu" VALUES (4, 3, NULL, NULL);
INSERT INTO "public"."sys_role_menu" VALUES (4, 109, NULL, NULL);
INSERT INTO "public"."sys_role_menu" VALUES (4, 110, NULL, NULL);
INSERT INTO "public"."sys_role_menu" VALUES (4, 111, NULL, NULL);
INSERT INTO "public"."sys_role_menu" VALUES (4, 112, NULL, NULL);
INSERT INTO "public"."sys_role_menu" VALUES (4, 113, NULL, NULL);
INSERT INTO "public"."sys_role_menu" VALUES (4, 114, NULL, NULL);
INSERT INTO "public"."sys_role_menu" VALUES (4, 115, NULL, NULL);
INSERT INTO "public"."sys_role_menu" VALUES (4, 116, NULL, NULL);
INSERT INTO "public"."sys_role_menu" VALUES (4, 1046, NULL, NULL);
INSERT INTO "public"."sys_role_menu" VALUES (4, 1047, NULL, NULL);
INSERT INTO "public"."sys_role_menu" VALUES (4, 1048, NULL, NULL);
INSERT INTO "public"."sys_role_menu" VALUES (4, 1049, NULL, NULL);
INSERT INTO "public"."sys_role_menu" VALUES (4, 1050, NULL, NULL);
INSERT INTO "public"."sys_role_menu" VALUES (4, 1051, NULL, NULL);
INSERT INTO "public"."sys_role_menu" VALUES (4, 1052, NULL, NULL);
INSERT INTO "public"."sys_role_menu" VALUES (4, 1053, NULL, NULL);
INSERT INTO "public"."sys_role_menu" VALUES (4, 1054, NULL, NULL);
INSERT INTO "public"."sys_role_menu" VALUES (4, 1055, NULL, NULL);
INSERT INTO "public"."sys_role_menu" VALUES (4, 1056, NULL, NULL);
INSERT INTO "public"."sys_role_menu" VALUES (4, 1057, NULL, NULL);
INSERT INTO "public"."sys_role_menu" VALUES (4, 1058, NULL, NULL);
INSERT INTO "public"."sys_role_menu" VALUES (4, 1059, NULL, NULL);
INSERT INTO "public"."sys_role_menu" VALUES (4, 1060, NULL, NULL);
INSERT INTO "public"."sys_role_menu" VALUES (5, 2, NULL, NULL);
INSERT INTO "public"."sys_role_menu" VALUES (5, 3, NULL, NULL);
INSERT INTO "public"."sys_role_menu" VALUES (5, 110, NULL, NULL);
INSERT INTO "public"."sys_role_menu" VALUES (5, 111, NULL, NULL);
INSERT INTO "public"."sys_role_menu" VALUES (5, 112, NULL, NULL);
INSERT INTO "public"."sys_role_menu" VALUES (5, 113, NULL, NULL);
INSERT INTO "public"."sys_role_menu" VALUES (5, 116, NULL, NULL);
INSERT INTO "public"."sys_role_menu" VALUES (5, 1049, NULL, NULL);
INSERT INTO "public"."sys_role_menu" VALUES (6, 1, NULL, NULL);
INSERT INTO "public"."sys_role_menu" VALUES (6, 4, NULL, NULL);
INSERT INTO "public"."sys_role_menu" VALUES (6, 107, NULL, NULL);
INSERT INTO "public"."sys_role_menu" VALUES (6, 108, NULL, NULL);
INSERT INTO "public"."sys_role_menu" VALUES (6, 500, NULL, NULL);
INSERT INTO "public"."sys_role_menu" VALUES (6, 501, NULL, NULL);
INSERT INTO "public"."sys_role_menu" VALUES (6, 1036, NULL, NULL);
INSERT INTO "public"."sys_role_menu" VALUES (6, 1037, NULL, NULL);
INSERT INTO "public"."sys_role_menu" VALUES (6, 1040, NULL, NULL);
INSERT INTO "public"."sys_role_menu" VALUES (6, 1042, NULL, NULL);
INSERT INTO "public"."sys_role_menu" VALUES (6, 1043, NULL, NULL);
INSERT INTO "public"."sys_role_menu" VALUES (6, 1045, NULL, NULL);
INSERT INTO "public"."sys_role_menu" VALUES (7, 3, '2022-08-01 09:36:58', '2022-08-01 09:36:58');
INSERT INTO "public"."sys_role_menu" VALUES (7, 4, '2022-08-01 09:36:58', '2022-08-01 09:36:58');
INSERT INTO "public"."sys_role_menu" VALUES (7, 115, '2022-08-01 09:36:58', '2022-08-01 09:36:58');
INSERT INTO "public"."sys_role_menu" VALUES (7, 1055, '2022-08-01 09:36:58', '2022-08-01 09:36:58');
INSERT INTO "public"."sys_role_menu" VALUES (7, 1056, '2022-08-01 09:36:58', '2022-08-01 09:36:58');
INSERT INTO "public"."sys_role_menu" VALUES (7, 1057, '2022-08-01 09:36:58', '2022-08-01 09:36:58');
INSERT INTO "public"."sys_role_menu" VALUES (7, 1058, '2022-08-01 09:36:58', '2022-08-01 09:36:58');
INSERT INTO "public"."sys_role_menu" VALUES (7, 1059, '2022-08-01 09:36:58', '2022-08-01 09:36:58');
INSERT INTO "public"."sys_role_menu" VALUES (7, 1060, '2022-08-01 09:36:58', '2022-08-01 09:36:58');

-- ----------------------------
-- Records of sys_post
-- ----------------------------
INSERT INTO "public"."sys_post" VALUES (1, 'ceo', '董事长', 1, '0', 'admin', '2021-03-07 17:58:10', '', NULL, '');
INSERT INTO "public"."sys_post" VALUES (2, 'se', '项目经理', 2, '0', 'admin', '2021-03-07 17:58:10', '', NULL, '');
INSERT INTO "public"."sys_post" VALUES (3, 'hr', '人力资源', 3, '0', 'admin', '2021-03-07 17:58:10', '', NULL, '');
INSERT INTO "public"."sys_post" VALUES (4, 'user', '普通员工', 4, '0', 'admin', '2021-03-07 17:58:10', '', NULL, '');
INSERT INTO "public"."sys_post" VALUES (5, '434', '大大', 6, '1', 'admin', '2022-07-16 18:35:07', 'admin', '2022-08-01 06:34:31', '184884844848');
INSERT INTO "public"."sys_post" VALUES (6, 'cs', '测试相关', 7, '0', 'admin', '2022-07-20 09:24:23', 'admin', '2022-07-20 09:39:58', '测试');
INSERT INTO "public"."sys_post" VALUES (7, 'yw', '网络运维', 8, '0', 'admin', '2022-07-20 09:25:23', 'admin', '2022-08-05 09:44:05', 'dsaaasssss1111');
INSERT INTO "public"."sys_post" VALUES (8, 'cp', '产品经理', 9, '0', 'admin', '2022-07-20 09:26:20', 'admin', '2022-07-26 13:25:07', '的萨达第三大啊啊撒倒萨大');
INSERT INTO "public"."sys_post" VALUES (9, 'sj', 'UI与设计', 10, '0', 'admin', '2022-07-20 09:26:47', 'admin', '2022-07-31 12:30:10', '1111dsaa');
INSERT INTO "public"."sys_post" VALUES (10, 'hqwh', '后期维护', 11, '0', 'admin', '2022-07-20 09:27:50', 'admin', '2022-07-31 12:29:02', 'fsfsdssdsadaa');
INSERT INTO "public"."sys_post" VALUES (11, 'kf', '软件开发', 12, '0', 'admin', '2022-07-20 09:28:50', 'admin', '2022-08-01 06:35:33', 'dsadadaa');
INSERT INTO "public"."sys_post" VALUES (12, 'jgs', '软件架构', 13, '0', 'admin', '2022-07-20 09:29:03', 'admin', '2022-08-01 06:35:38', 'dsaaaaa');
INSERT INTO "public"."sys_post" VALUES (13, 'dsadadaa', 'dsadada', 14, '1', 'admin', '2022-07-31 12:44:47', 'admin', '2022-08-01 06:35:56', 'dsadadaa');


-- ----------------------------
-- Records of sys_user_post
-- ----------------------------
INSERT INTO "public"."sys_user_post" VALUES (1, 1, NULL, NULL);
INSERT INTO "public"."sys_user_post" VALUES (2, 2, NULL, NULL);
INSERT INTO "public"."sys_user_post" VALUES (3, 4, NULL, NULL);
INSERT INTO "public"."sys_user_post" VALUES (4, 2, '2022-08-02 02:43:50', '2022-08-02 02:43:50');
INSERT INTO "public"."sys_user_post" VALUES (4, 3, '2022-08-02 02:43:50', '2022-08-02 02:43:50');
INSERT INTO "public"."sys_user_post" VALUES (4, 4, '2022-08-02 02:43:50', '2022-08-02 02:43:50');
INSERT INTO "public"."sys_user_post" VALUES (4, 6, '2022-08-02 02:43:50', '2022-08-02 02:43:50');
INSERT INTO "public"."sys_user_post" VALUES (5, 4, '2022-07-26 07:51:01', '2022-07-26 07:51:01');
INSERT INTO "public"."sys_user_post" VALUES (5, 8, '2022-07-26 07:51:01', '2022-07-26 07:51:01');
INSERT INTO "public"."sys_user_post" VALUES (8, 7, NULL, NULL);
INSERT INTO "public"."sys_user_post" VALUES (8, 10, NULL, NULL);
INSERT INTO "public"."sys_user_post" VALUES (9, 4, '2022-07-20 11:18:58', '2022-07-20 11:18:58');
INSERT INTO "public"."sys_user_post" VALUES (10, 12, '2022-07-26 06:17:14', '2022-07-26 06:17:14');
INSERT INTO "public"."sys_user_post" VALUES (11, 2, '2022-07-28 08:10:57', '2022-07-28 08:10:57');
INSERT INTO "public"."sys_user_post" VALUES (14, 4, '2022-07-26 12:45:08', '2022-07-26 12:45:08');

-- ----------------------------
-- Records of sys_config
-- ----------------------------
INSERT INTO "public"."sys_config" VALUES (1, '主框架页-默认皮肤样式名称', 'sys.index.skinName', 'skin-blue', 'Y', 'admin', '2021-03-07 17:58:11', '', NULL, '蓝色 skin-blue、绿色 skin-green、紫色 skin-purple、红色 skin-red、黄色 skin-yellow');
INSERT INTO "public"."sys_config" VALUES (2, '用户管理-账号初始密码', 'sys.user.initPassword', '123456', 'Y', 'admin', '2021-03-07 17:58:11', '', NULL, '初始化密码 123456');
INSERT INTO "public"."sys_config" VALUES (3, '主框架页-侧边栏主题', 'sys.index.sideTheme', 'theme-dark', 'Y', 'admin', '2021-03-07 17:58:11', 'admin', '2022-07-21 08:12:17', '深色主题theme-dark，浅色主题theme-light');

-- ----------------------------
-- Records of sys_dict_type
-- ----------------------------
INSERT INTO "public"."sys_dict_type" VALUES (1, '用户性别', 'sys_user_sex', '0', 'admin', '2022-07-31 17:55:09', 'admin', NULL, '用户性别列表');
INSERT INTO "public"."sys_dict_type" VALUES (2, '菜单状态', 'sys_show_hide', '0', 'admin', '2022-07-31 17:55:09', '', NULL, '菜单状态列表');
INSERT INTO "public"."sys_dict_type" VALUES (3, '系统开关', 'sys_normal_disable', '0', 'admin', '2022-07-31 17:55:09', '', NULL, '系统开关列表');
INSERT INTO "public"."sys_dict_type" VALUES (4, '任务状态', 'sys_job_status', '0', 'admin', '2022-07-31 17:55:09', '', NULL, '任务状态列表');
INSERT INTO "public"."sys_dict_type" VALUES (5, '任务分组', 'sys_job_group', '0', 'admin', '2022-07-31 17:55:09', 'admin', NULL, '任务分组列表');
INSERT INTO "public"."sys_dict_type" VALUES (6, '系统是否', 'sys_yes_no', '0', 'admin', '2022-07-31 17:55:09', '', NULL, '系统是否列表');
INSERT INTO "public"."sys_dict_type" VALUES (7, '通知类型', 'sys_notice_type', '0', 'admin', '2022-07-31 17:55:09', 'admin', NULL, '通知类型列表');
INSERT INTO "public"."sys_dict_type" VALUES (8, '通知状态', 'sys_notice_status', '0', 'admin', '2022-07-31 17:55:09', '', NULL, '通知状态列表');
INSERT INTO "public"."sys_dict_type" VALUES (9, '操作类型', 'sys_oper_type', '0', 'admin', '2022-07-31 17:55:09', '', NULL, '操作类型列表');
INSERT INTO "public"."sys_dict_type" VALUES (10, '系统状态', 'sys_common_status', '0', 'admin', '2022-07-31 17:55:09', 'admin', NULL, '登录状态列表');

-- ----------------------------
-- Records of sys_dict_data
-- ----------------------------
INSERT INTO "public"."sys_dict_data" VALUES (1, 1, '男', '0', 'sys_user_sex', '', '', 'Y', '0', 'admin', '2022-07-31 17:55:26', '', NULL, '性别男');
INSERT INTO "public"."sys_dict_data" VALUES (2, 2, '女', '1', 'sys_user_sex', '', '', 'N', '0', 'admin', '2022-07-31 17:55:26', '', NULL, '性别女');
INSERT INTO "public"."sys_dict_data" VALUES (3, 3, '未知', '2', 'sys_user_sex', '', '', 'N', '0', 'admin', '2022-07-31 17:55:26', '', NULL, '性别未知');
INSERT INTO "public"."sys_dict_data" VALUES (4, 1, '显示', '0', 'sys_show_hide', '', 'primary', 'Y', '0', 'admin', '2022-07-31 17:55:26', '', NULL, '显示菜单');
INSERT INTO "public"."sys_dict_data" VALUES (5, 2, '隐藏', '1', 'sys_show_hide', '', 'danger', 'N', '0', 'admin', '2022-07-31 17:55:26', '', NULL, '隐藏菜单');
INSERT INTO "public"."sys_dict_data" VALUES (6, 1, '正常', '0', 'sys_normal_disable', '', 'primary', 'Y', '0', 'admin', '2022-07-31 17:55:26', '', NULL, '正常状态');
INSERT INTO "public"."sys_dict_data" VALUES (7, 2, '停用', '1', 'sys_normal_disable', '', 'danger', 'N', '0', 'admin', '2022-07-31 17:55:26', '', NULL, '停用状态');
INSERT INTO "public"."sys_dict_data" VALUES (8, 1, '正常', '0', 'sys_job_status', '', 'primary', 'Y', '0', 'admin', '2022-07-31 17:55:26', '', NULL, '正常状态');
INSERT INTO "public"."sys_dict_data" VALUES (9, 2, '暂停', '1', 'sys_job_status', '', 'danger', 'N', '0', 'admin', '2022-07-31 17:55:26', '', NULL, '停用状态');
INSERT INTO "public"."sys_dict_data" VALUES (10, 1, '默认', 'DEFAULT', 'sys_job_group', '', '', 'Y', '0', 'admin', '2022-07-31 17:55:26', '', NULL, '默认分组');
INSERT INTO "public"."sys_dict_data" VALUES (11, 2, '系统', 'SYSTEM', 'sys_job_group', '', '', 'N', '0', 'admin', '2022-07-31 17:55:26', '', NULL, '系统分组');
INSERT INTO "public"."sys_dict_data" VALUES (12, 1, '是', 'Y', 'sys_yes_no', '', 'primary', 'Y', '0', 'admin', '2022-07-31 17:55:26', '', NULL, '系统默认是');
INSERT INTO "public"."sys_dict_data" VALUES (13, 2, '否', 'N', 'sys_yes_no', '', 'danger', 'N', '0', 'admin', '2022-07-31 17:55:26', '', NULL, '系统默认否');
INSERT INTO "public"."sys_dict_data" VALUES (14, 1, '通知', '1', 'sys_notice_type', '', 'warning', 'Y', '0', 'admin', '2022-07-31 17:55:26', '', NULL, '通知');
INSERT INTO "public"."sys_dict_data" VALUES (15, 2, '公告', '2', 'sys_notice_type', '', 'success', 'N', '0', 'admin', '2022-07-31 17:55:26', '', NULL, '公告');
INSERT INTO "public"."sys_dict_data" VALUES (16, 1, '正常', '0', 'sys_notice_status', '', 'primary', 'Y', '0', 'admin', '2022-07-31 17:55:26', '', NULL, '正常状态');
INSERT INTO "public"."sys_dict_data" VALUES (17, 2, '关闭', '1', 'sys_notice_status', '', 'danger', 'N', '0', 'admin', '2022-07-31 17:55:26', '', NULL, '关闭状态');
INSERT INTO "public"."sys_dict_data" VALUES (18, 1, '新增', '1', 'sys_oper_type', '', 'info', 'N', '0', 'admin', '2022-07-31 17:55:26', '', NULL, '新增操作');
INSERT INTO "public"."sys_dict_data" VALUES (19, 2, '修改', '2', 'sys_oper_type', '', 'info', 'N', '0', 'admin', '2022-07-31 17:55:26', '', NULL, '修改操作');
INSERT INTO "public"."sys_dict_data" VALUES (20, 3, '删除', '3', 'sys_oper_type', '', 'danger', 'N', '0', 'admin', '2022-07-31 17:55:26', '', NULL, '删除操作');
INSERT INTO "public"."sys_dict_data" VALUES (21, 4, '授权', '4', 'sys_oper_type', '', 'primary', 'N', '0', 'admin', '2022-07-31 17:55:26', '', NULL, '授权操作');
INSERT INTO "public"."sys_dict_data" VALUES (22, 5, '导出', '5', 'sys_oper_type', '', 'warning', 'N', '0', 'admin', '2022-07-31 17:55:26', '', NULL, '导出操作');
INSERT INTO "public"."sys_dict_data" VALUES (23, 6, '导入', '6', 'sys_oper_type', '', 'warning', 'N', '0', 'admin', '2022-07-31 17:55:26', '', NULL, '导入操作');
INSERT INTO "public"."sys_dict_data" VALUES (24, 7, '强退', '7', 'sys_oper_type', '', 'danger', 'N', '0', 'admin', '2022-07-31 17:55:26', '', NULL, '强退操作');
INSERT INTO "public"."sys_dict_data" VALUES (25, 8, '生成代码', '8', 'sys_oper_type', '', 'warning', 'N', '0', 'admin', '2022-07-31 17:55:26', '', NULL, '生成操作');
INSERT INTO "public"."sys_dict_data" VALUES (26, 9, '清空数据', '9', 'sys_oper_type', '', 'danger', 'N', '0', 'admin', '2022-07-31 17:55:26', '', NULL, '清空操作');
INSERT INTO "public"."sys_dict_data" VALUES (27, 1, '成功', '0', 'sys_common_status', '', 'primary', 'N', '0', 'admin', '2022-07-31 17:55:26', '', NULL, '正常状态');
INSERT INTO "public"."sys_dict_data" VALUES (28, 2, '失败', '1', 'sys_common_status', '', 'danger', 'N', '0', 'admin', '2022-07-31 17:55:26', '', NULL, '停用状态');


-- ----------------------------
-- Records of sys_job
-- ----------------------------
INSERT INTO "public"."sys_job" VALUES (1, '系统默认（无参）', 'DEFAULT', 'ryTask.ryNoParams', '0/10 * * * * ?', '3', '1', '1', 'admin', '2021-03-07 17:58:11', '', '2022-08-06 17:31:05', '');
INSERT INTO "public"."sys_job" VALUES (2, '系统默认（有参2）', 'DEFAULT', 'ryTask.ryParams(''ry'')', '0/15 * * * * ?', '3', '1', '1', 'admin', '2021-03-07 17:58:11', 'admin', '2022-08-06 17:40:31', '');
INSERT INTO "public"."sys_job" VALUES (3, '系统默认（多参）', 'DEFAULT', 'ryTask.ryMultipleParams(''ry'', true, 2000L, 316.50D, 100)', '0/20 * * * * ?', '3', '1', '1', 'admin', '2021-03-07 17:58:11', '', NULL, '');

-- ----------------------------
-- Records of sys_notice
-- ----------------------------
INSERT INTO "public"."sys_notice" VALUES (1, '温馨提醒：2018-07-01 若依新版本发布啦', '2', E'\\346\\226\\260\\347\\211\\210\\346\\234\\254\\345\\206\\205\\345\\256\\271', '0', 'admin', '2021-03-07 17:58:11', '', NULL, '管理员');
INSERT INTO "public"."sys_notice" VALUES (2, '维护通知：2018-07-01 若依系统凌晨维护', '1', E'\\347\\273\\264\\346\\212\\244\\345\\206\\205\\345\\256\\271', '0', 'admin', '2021-03-07 17:58:11', 'admin', '2022-07-27 09:29:34', '管理员');



